id,name,search_text,lat,lng,coordinate_status,source,source_row,source_checksum,is_active,created_at,updated_at,search_alias_text,coordinate_source,coordinate_source_row,province_code,area_code,business_unit_code,source_section,raw_label,canonical_key,source_refs,quality_flags
63f28499-3d3b-5213-a126-a5ef71040488,"Tầng 20, FPT Tower",tang 20 fpt tower,51.926059,-8.616759,MISSING,DS_Dia_chi_van_phong_FTEL_toan_quoc_upd_Foxeco.csv,6,be32c72f2b34aeabdcad21a26636d2473de1079ef5f5d35a9b7cc2a0e0a9525b,t,2026-07-23 07:41:34.052246+00,2026-07-23 07:41:34.052246+00,hni tang 20 fpt tower,\N,\N,HNI,\N,FPL,FTI_FPL,"HNI Tầng 20, FPT Tower",HNI|tang 20 fpt tower,"[{""row"": 6, ""section"": ""FTI_FPL"", ""raw_label"": ""HNI Tầng 20, FPT Tower""}]",[]
432ba90c-7a50-5039-9964-03a6cd785361,"15-17H.V.Thụ,KDCChánhNghĩa",15 17h v thu kdcchanhnghia,,,MISSING,DS_Dia_chi_van_phong_FTEL_toan_quoc_upd_Foxeco.csv,8,be32c72f2b34aeabdcad21a26636d2473de1079ef5f5d35a9b7cc2a0e0a9525b,t,2026-07-23 07:41:34.052246+00,2026-07-23 07:41:34.052246+00,bdg 15 17h v thu kdcchanhnghia,\N,\N,BDG,\N,FTI,FTI_FPL,"BDG 15-17H.V.Thụ,KDCChánhNghĩa",BDG|15 17h v thu kdcchanhnghia,"[{""row"": 8, ""section"": ""FTI_FPL"", ""raw_label"": ""BDG 15-17H.V.Thụ,KDCChánhNghĩa""}]",[]
e35b9ec0-0c14-54bc-afc6-263c16a12ab9,"Tòa V-City, Lê Thái Tổ",toa v city le thai to,10.253444,105.965806,MISSING,DS_Dia_chi_van_phong_FTEL_toan_quoc_upd_Foxeco.csv,9,be32c72f2b34aeabdcad21a26636d2473de1079ef5f5d35a9b7cc2a0e0a9525b,t,2026-07-23 07:41:34.052246+00,2026-07-23 07:41:34.052246+00,bnh toa v city le thai to,\N,\N,BNH,\N,FTI,FTI_FPL,"BNH Tòa V-City, Lê Thái Tổ",BNH|toa v city le thai to,"[{""row"": 9, ""section"": ""FTI_FPL"", ""raw_label"": ""BNH Tòa V-City, Lê Thái Tổ""}]",[]
029e804f-19e9-5771-8f3d-819c51e0116b,"363 Nguyễn Hữu Thọ,Cẩm Lệ",363 nguyen huu tho cam le,16.0191879,108.2115565,MISSING,DS_Dia_chi_van_phong_FTEL_toan_quoc_upd_Foxeco.csv,12,be32c72f2b34aeabdcad21a26636d2473de1079ef5f5d35a9b7cc2a0e0a9525b,t,2026-07-23 07:41:34.052246+00,2026-07-23 07:41:34.052246+00,dng 363 nguyen huu tho cam le,\N,\N,DNG,\N,FTI,FTI_FPL,"DNG 363 Nguyễn Hữu Thọ,Cẩm Lệ",DNG|363 nguyen huu tho cam le,"[{""row"": 12, ""section"": ""FTI_FPL"", ""raw_label"": ""DNG 363 Nguyễn Hữu Thọ,Cẩm Lệ""}]",[]
dd95e235-66e2-58fa-9365-fb1927499adf,"1 Võ Thị Sáu, Phú Quốc",1 vo thi sau phu quoc,10.2157911,103.9581364,MISSING,DS_Dia_chi_van_phong_FTEL_toan_quoc_upd_Foxeco.csv,18,be32c72f2b34aeabdcad21a26636d2473de1079ef5f5d35a9b7cc2a0e0a9525b,t,2026-07-23 07:41:34.052246+00,2026-07-23 07:41:34.052246+00,kgg 1 vo thi sau phu quoc,\N,\N,KGG,\N,FTI,FTI_FPL,"KGG 1 Võ Thị Sáu, Phú Quốc",KGG|1 vo thi sau phu quoc,"[{""row"": 18, ""section"": ""FTI_FPL"", ""raw_label"": ""KGG 1 Võ Thị Sáu, Phú Quốc""}]",[]
5e1d4910-8ca9-5e30-8519-d3c109e3d342,"128 HTH,Tân Chánh Hiệp,Q12",128 hth tan chanh hiep q12,19.405436,-99.059921,MISSING,DS_Dia_chi_van_phong_FTEL_toan_quoc_upd_Foxeco.csv,3,be32c72f2b34aeabdcad21a26636d2473de1079ef5f5d35a9b7cc2a0e0a9525b,t,2026-07-23 07:41:34.052246+00,2026-07-23 07:41:34.052246+00,hcm 128 hth tan chanh hiep q12,\N,\N,HCM,\N,\N,HO,"HCM 128 HTH,Tân Chánh Hiệp,Q12",HCM|128 hth tan chanh hiep q12,"[{""row"": 3, ""section"": ""HO"", ""raw_label"": ""HCM 128 HTH,Tân Chánh Hiệp,Q12""}]",[]
2fbe655f-f079-59f3-b5fe-72d5895a2096,"14 NVY,Phú Thọ Hòa,Tân Phú",14 nvy phu tho hoa tan phu,13.085553,109.300236,MISSING,DS_Dia_chi_van_phong_FTEL_toan_quoc_upd_Foxeco.csv,4,be32c72f2b34aeabdcad21a26636d2473de1079ef5f5d35a9b7cc2a0e0a9525b,t,2026-07-23 07:41:34.052246+00,2026-07-23 07:41:34.052246+00,hcm 14 nvy phu tho hoa tan phu,\N,\N,HCM,\N,\N,HO,"HCM 14 NVY,Phú Thọ Hòa,Tân Phú",HCM|14 nvy phu tho hoa tan phu,"[{""row"": 4, ""section"": ""HO"", ""raw_label"": ""HCM 14 NVY,Phú Thọ Hòa,Tân Phú""}]",[]
23c4b8e4-9d79-5abd-9977-b3153c680108,"336-340 Huỳnh Tấn Phát, Q7",336 340 huynh tan phat q7,,,MISSING,DS_Dia_chi_van_phong_FTEL_toan_quoc_upd_Foxeco.csv,5,be32c72f2b34aeabdcad21a26636d2473de1079ef5f5d35a9b7cc2a0e0a9525b,t,2026-07-23 07:41:34.052246+00,2026-07-23 07:41:34.052246+00,hcm 336 340 huynh tan phat q7,\N,\N,HCM,\N,\N,HO,"HCM 336-340 Huỳnh Tấn Phát, Q7",HCM|336 340 huynh tan phat q7,"[{""row"": 5, ""section"": ""HO"", ""raw_label"": ""HCM 336-340 Huỳnh Tấn Phát, Q7""}]",[]
8d8fd7af-67e1-5ead-97bd-b4c87ec5e142,"55D5 đường D5, Bình Thạnh",55d5 duong d5 binh thanh,10.8068030,106.7117278,MISSING,DS_Dia_chi_van_phong_FTEL_toan_quoc_upd_Foxeco.csv,6,be32c72f2b34aeabdcad21a26636d2473de1079ef5f5d35a9b7cc2a0e0a9525b,t,2026-07-23 07:41:34.052246+00,2026-07-23 07:41:34.052246+00,hcm 55d5 duong d5 binh thanh,\N,\N,HCM,\N,\N,HO,"HCM 55D5 đường D5, Bình Thạnh",HCM|55d5 duong d5 binh thanh,"[{""row"": 6, ""section"": ""HO"", ""raw_label"": ""HCM 55D5 đường D5, Bình Thạnh""}]",[]
f7693bbd-0912-52b7-88ff-55e7ded5a28b,"69 LVKhươg,ĐôgThạnh,HócMôn",69 lvkhuog dogthanh hocmon,,,MISSING,DS_Dia_chi_van_phong_FTEL_toan_quoc_upd_Foxeco.csv,7,be32c72f2b34aeabdcad21a26636d2473de1079ef5f5d35a9b7cc2a0e0a9525b,t,2026-07-23 07:41:34.052246+00,2026-07-23 07:41:34.052246+00,hcm 69 lvkhuog dogthanh hocmon,\N,\N,HCM,\N,\N,HO,"HCM 69 LVKhươg,ĐôgThạnh,HócMôn",HCM|69 lvkhuog dogthanh hocmon,"[{""row"": 7, ""section"": ""HO"", ""raw_label"": ""HCM 69 LVKhươg,ĐôgThạnh,HócMôn""}]",[]
2fe6e707-efe4-5f32-89e6-527bff3ae588,"82/20 Quang Trung, Gò Vấp",82 20 quang trung go vap,10.8314142,106.6685215,MISSING,DS_Dia_chi_van_phong_FTEL_toan_quoc_upd_Foxeco.csv,8,be32c72f2b34aeabdcad21a26636d2473de1079ef5f5d35a9b7cc2a0e0a9525b,t,2026-07-23 07:41:34.052246+00,2026-07-23 07:41:34.052246+00,hcm 82 20 quang trung go vap,\N,\N,HCM,\N,\N,HO,"HCM 82/20 Quang Trung, Gò Vấp",HCM|82 20 quang trung go vap,"[{""row"": 8, ""section"": ""HO"", ""raw_label"": ""HCM 82/20 Quang Trung, Gò Vấp""}]",[]
7cd92d92-ee9d-5110-8c39-adc039801ca0,"Đường 8,Linh Đông,Thủ Đức",duong 8 linh dong thu duc,10.8719400,106.7905926,MISSING,DS_Dia_chi_van_phong_FTEL_toan_quoc_upd_Foxeco.csv,9,be32c72f2b34aeabdcad21a26636d2473de1079ef5f5d35a9b7cc2a0e0a9525b,t,2026-07-23 07:41:34.052246+00,2026-07-23 07:41:34.052246+00,hcm duong 8 linh dong thu duc,\N,\N,HCM,\N,\N,HO,"HCM Đường 8,Linh Đông,Thủ Đức",HCM|duong 8 linh dong thu duc,"[{""row"": 9, ""section"": ""HO"", ""raw_label"": ""HCM Đường 8,Linh Đông,Thủ Đức""}]",[]
67d53237-4469-5107-857c-99440b5cec43,"Lô T2-5, D1, Tăng Nhơn Phú",lo t2 5 d1 tang nhon phu,21.372633,105.386204,MISSING,DS_Dia_chi_van_phong_FTEL_toan_quoc_upd_Foxeco.csv,10,be32c72f2b34aeabdcad21a26636d2473de1079ef5f5d35a9b7cc2a0e0a9525b,t,2026-07-23 07:41:34.052246+00,2026-07-23 07:41:34.052246+00,hcm lo t2 5 d1 tang nhon phu,\N,\N,HCM,\N,\N,HO,"HCM Lô T2-5, D1, Tăng Nhơn Phú",HCM|lo t2 5 d1 tang nhon phu,"[{""row"": 10, ""section"": ""HO"", ""raw_label"": ""HCM Lô T2-5, D1, Tăng Nhơn Phú""}]",[]
e58c3de2-aac4-5d12-ab2a-a70aaadb59bf,"LôB3,E-Office,KCN TânThuận",lob3 e office kcn tanthuan,,,MISSING,DS_Dia_chi_van_phong_FTEL_toan_quoc_upd_Foxeco.csv,11,be32c72f2b34aeabdcad21a26636d2473de1079ef5f5d35a9b7cc2a0e0a9525b,t,2026-07-23 07:41:34.052246+00,2026-07-23 07:41:34.052246+00,hcm lob3 e office kcn tanthuan,\N,\N,HCM,\N,\N,HO,"HCM LôB3,E-Office,KCN TânThuận",HCM|lob3 e office kcn tanthuan,"[{""row"": 11, ""section"": ""HO"", ""raw_label"": ""HCM LôB3,E-Office,KCN TânThuận""}]",[]
ef181a50-46c8-51f0-80cd-43863bbc8214,Lô 37-39A KCX Tân Thuận,lo 37 39a kcx tan thuan,,,MISSING,DS_Dia_chi_van_phong_FTEL_toan_quoc_upd_Foxeco.csv,13,be32c72f2b34aeabdcad21a26636d2473de1079ef5f5d35a9b7cc2a0e0a9525b,t,2026-07-23 07:41:34.052246+00,2026-07-23 07:41:34.052246+00,hcm lo 37 39a kcx tan thuan,\N,\N,HCM,\N,\N,HO,HCM Lô 37-39A KCX Tân Thuận,HCM|lo 37 39a kcx tan thuan,"[{""row"": 13, ""section"": ""HO"", ""raw_label"": ""HCM Lô 37-39A KCX Tân Thuận""}, {""row"": 14, ""section"": ""FTI_FPL"", ""raw_label"": ""HCM Lô 37-39A KCX Tân Thuận""}]",[]
1e0aa4f2-fd47-5475-bcbe-b16dbb87d6ff,"109 thôn Mã Kiều,Thanh Oai",109 thon ma kieu thanh oai,,,MISSING,DS_Dia_chi_van_phong_FTEL_toan_quoc_upd_Foxeco.csv,14,be32c72f2b34aeabdcad21a26636d2473de1079ef5f5d35a9b7cc2a0e0a9525b,t,2026-07-23 07:41:34.052246+00,2026-07-23 07:41:34.052246+00,hni 109 thon ma kieu thanh oai,\N,\N,HNI,\N,\N,HO,"HNI 109 thôn Mã Kiều,Thanh Oai",HNI|109 thon ma kieu thanh oai,"[{""row"": 14, ""section"": ""HO"", ""raw_label"": ""HNI 109 thôn Mã Kiều,Thanh Oai""}]",[]
eceb8ed5-d50e-5ef0-8971-9f3aef6d5b24,"124 Phúc Diễn, Bắc Từ Liêm",124 phuc dien bac tu liem,21.0477677,105.7508232,MISSING,DS_Dia_chi_van_phong_FTEL_toan_quoc_upd_Foxeco.csv,15,be32c72f2b34aeabdcad21a26636d2473de1079ef5f5d35a9b7cc2a0e0a9525b,t,2026-07-23 07:41:34.052246+00,2026-07-23 07:41:34.052246+00,hni 124 phuc dien bac tu liem,\N,\N,HNI,\N,\N,HO,"HNI 124 Phúc Diễn, Bắc Từ Liêm",HNI|124 phuc dien bac tu liem,"[{""row"": 15, ""section"": ""HO"", ""raw_label"": ""HNI 124 Phúc Diễn, Bắc Từ Liêm""}]",[]
80a82905-0594-5207-9122-ef74f31fdc1e,"203 Chùa Thông, Sơn Tây",203 chua thong son tay,21.1287500,105.5049764,MISSING,DS_Dia_chi_van_phong_FTEL_toan_quoc_upd_Foxeco.csv,16,be32c72f2b34aeabdcad21a26636d2473de1079ef5f5d35a9b7cc2a0e0a9525b,t,2026-07-23 07:41:34.052246+00,2026-07-23 07:41:34.052246+00,hni 203 chua thong son tay,\N,\N,HNI,\N,\N,HO,"HNI 203 Chùa Thông, Sơn Tây",HNI|203 chua thong son tay,"[{""row"": 16, ""section"": ""HO"", ""raw_label"": ""HNI 203 Chùa Thông, Sơn Tây""}]",[]
0d40679b-c4e3-59c0-b1ba-3fdda35b2163,"220 Cao Lỗ,Uy Nỗ, Đông Anh",220 cao lo uy no dong anh,21.1324298,105.8521552,MISSING,DS_Dia_chi_van_phong_FTEL_toan_quoc_upd_Foxeco.csv,17,be32c72f2b34aeabdcad21a26636d2473de1079ef5f5d35a9b7cc2a0e0a9525b,t,2026-07-23 07:41:34.052246+00,2026-07-23 07:41:34.052246+00,hni 220 cao lo uy no dong anh,\N,\N,HNI,\N,\N,HO,"HNI 220 Cao Lỗ,Uy Nỗ, Đông Anh",HNI|220 cao lo uy no dong anh,"[{""row"": 17, ""section"": ""HO"", ""raw_label"": ""HNI 220 Cao Lỗ,Uy Nỗ, Đông Anh""}]",[]
096c881e-4bc2-5fdd-95aa-76c49368748f,"36 Đường Cổng Ty,Việt Hùng",36 duong cong ty viet hung,21.0771835,105.9091890,MISSING,DS_Dia_chi_van_phong_FTEL_toan_quoc_upd_Foxeco.csv,18,be32c72f2b34aeabdcad21a26636d2473de1079ef5f5d35a9b7cc2a0e0a9525b,t,2026-07-23 07:41:34.052246+00,2026-07-23 07:41:34.052246+00,hni 36 duong cong ty viet hung,\N,\N,HNI,\N,\N,HO,"HNI 36 Đường Cổng Ty,Việt Hùng",HNI|36 duong cong ty viet hung,"[{""row"": 18, ""section"": ""HO"", ""raw_label"": ""HNI 36 Đường Cổng Ty,Việt Hùng""}]",[]
337f5442-4fe3-51e5-9b2e-4ba682d481dd,"42 N129 Bát Khối,Long Biên",42 n129 bat khoi long bien,21.005627,105.908055,MISSING,DS_Dia_chi_van_phong_FTEL_toan_quoc_upd_Foxeco.csv,19,be32c72f2b34aeabdcad21a26636d2473de1079ef5f5d35a9b7cc2a0e0a9525b,t,2026-07-23 07:41:34.052246+00,2026-07-23 07:41:34.052246+00,hni 42 n129 bat khoi long bien,\N,\N,HNI,\N,\N,HO,"HNI 42 N129 Bát Khối,Long Biên",HNI|42 n129 bat khoi long bien,"[{""row"": 19, ""section"": ""HO"", ""raw_label"": ""HNI 42 N129 Bát Khối,Long Biên""}]",[]
2952ab96-059f-550c-96b6-c664272a1b2c,"69 Kim Đồng,Hoàng Mai",69 kim dong hoang mai,20.9827202,105.8433282,MISSING,DS_Dia_chi_van_phong_FTEL_toan_quoc_upd_Foxeco.csv,20,be32c72f2b34aeabdcad21a26636d2473de1079ef5f5d35a9b7cc2a0e0a9525b,t,2026-07-23 07:41:34.052246+00,2026-07-23 07:41:34.052246+00,hni 69 kim dong hoang mai,\N,\N,HNI,\N,\N,HO,"HNI 69 Kim Đồng,Hoàng Mai",HNI|69 kim dong hoang mai,"[{""row"": 20, ""section"": ""HO"", ""raw_label"": ""HNI 69 Kim Đồng,Hoàng Mai""}]",[]
f25ef023-f907-5bd7-ae52-093557d0f000,Metro POP Thường Tín,metro pop thuong tin,,,MISSING,DS_Dia_chi_van_phong_FTEL_toan_quoc_upd_Foxeco.csv,21,be32c72f2b34aeabdcad21a26636d2473de1079ef5f5d35a9b7cc2a0e0a9525b,t,2026-07-23 07:41:34.052246+00,2026-07-23 07:41:34.052246+00,hni metro pop thuong tin,\N,\N,HNI,\N,\N,HO,HNI Metro POP Thường Tín,HNI|metro pop thuong tin,"[{""row"": 21, ""section"": ""HO"", ""raw_label"": ""HNI Metro POP Thường Tín""}]",[]
52b5fc16-5d55-5792-916a-9f0ecd169b48,"Tân Tây Đô, Đan Phượng",tan tay do dan phuong,10.0398113,105.7587283,MISSING,DS_Dia_chi_van_phong_FTEL_toan_quoc_upd_Foxeco.csv,22,be32c72f2b34aeabdcad21a26636d2473de1079ef5f5d35a9b7cc2a0e0a9525b,t,2026-07-23 07:41:34.052246+00,2026-07-23 07:41:34.052246+00,hni tan tay do dan phuong,\N,\N,HNI,\N,\N,HO,"HNI Tân Tây Đô, Đan Phượng",HNI|tan tay do dan phuong,"[{""row"": 22, ""section"": ""HO"", ""raw_label"": ""HNI Tân Tây Đô, Đan Phượng""}]",[]
6eac5602-9f7a-54e7-bc64-6a18f79475a8,"Tầng 19, FPT Tower",tang 19 fpt tower,51.925928,-8.616535,MISSING,DS_Dia_chi_van_phong_FTEL_toan_quoc_upd_Foxeco.csv,23,be32c72f2b34aeabdcad21a26636d2473de1079ef5f5d35a9b7cc2a0e0a9525b,t,2026-07-23 07:41:34.052246+00,2026-07-23 07:41:34.052246+00,hni tang 19 fpt tower,\N,\N,HNI,\N,\N,HO,"HNI Tầng 19, FPT Tower",HNI|tang 19 fpt tower,"[{""row"": 23, ""section"": ""HO"", ""raw_label"": ""HNI Tầng 19, FPT Tower""}]",[]
53435549-bd94-5e1b-adc9-06417d8abda2,"Tầng 8, FPT Tower",tang 8 fpt tower,51.92473,-8.61529,MISSING,DS_Dia_chi_van_phong_FTEL_toan_quoc_upd_Foxeco.csv,24,be32c72f2b34aeabdcad21a26636d2473de1079ef5f5d35a9b7cc2a0e0a9525b,t,2026-07-23 07:41:34.052246+00,2026-07-23 07:41:34.052246+00,hni tang 8 fpt tower,\N,\N,HNI,\N,\N,HO,"HNI Tầng 8, FPT Tower",HNI|tang 8 fpt tower,"[{""row"": 24, ""section"": ""HO"", ""raw_label"": ""HNI Tầng 8, FPT Tower""}]",[]
9edd3cd2-69e6-59bf-aaed-a5ef75dd9f3e,"Tầng 9, FPT Tower",tang 9 fpt tower,51.9247,-8.605114,MISSING,DS_Dia_chi_van_phong_FTEL_toan_quoc_upd_Foxeco.csv,25,be32c72f2b34aeabdcad21a26636d2473de1079ef5f5d35a9b7cc2a0e0a9525b,t,2026-07-23 07:41:34.052246+00,2026-07-23 07:41:34.052246+00,hni tang 9 fpt tower,\N,\N,HNI,\N,\N,HO,"HNI Tầng 9, FPT Tower",HNI|tang 9 fpt tower,"[{""row"": 25, ""section"": ""HO"", ""raw_label"": ""HNI Tầng 9, FPT Tower""}]",[]
d8ceeaaa-ddc7-5539-8fea-1a684fc399e7,"Tòa DC Fornix, Cầu Giấy",toa dc fornix cau giay,11.115367,106.177514,MISSING,DS_Dia_chi_van_phong_FTEL_toan_quoc_upd_Foxeco.csv,26,be32c72f2b34aeabdcad21a26636d2473de1079ef5f5d35a9b7cc2a0e0a9525b,t,2026-07-23 07:41:34.052246+00,2026-07-23 07:41:34.052246+00,hni toa dc fornix cau giay,\N,\N,HNI,\N,\N,HO,"HNI Tòa DC Fornix, Cầu Giấy",HNI|toa dc fornix cau giay,"[{""row"": 26, ""section"": ""HO"", ""raw_label"": ""HNI Tòa DC Fornix, Cầu Giấy""}]",[]
d175f8d4-9dd7-5357-bc10-5decfcdc2174,FPT Cầu Giấy,fpt cau giay,21.0270808,105.7888987,MISSING,DS_Dia_chi_van_phong_FTEL_toan_quoc_upd_Foxeco.csv,27,be32c72f2b34aeabdcad21a26636d2473de1079ef5f5d35a9b7cc2a0e0a9525b,t,2026-07-23 07:41:34.052246+00,2026-07-23 07:41:34.052246+00,hni fpt cau giay,\N,\N,HNI,\N,\N,HO,HNI FPT Cầu Giấy,HNI|fpt cau giay,"[{""row"": 27, ""section"": ""HO"", ""raw_label"": ""HNI FPT Cầu Giấy""}, {""row"": 15, ""section"": ""FTI_FPL"", ""raw_label"": ""HNI FPT Cầu Giấy""}]",[]
c7bbb205-153c-53ab-bef7-b65f19d6cdd0,"Tầng 17,18 FPT Tower",tang 17 18 fpt tower,51.925662,-8.616479,MISSING,DS_Dia_chi_van_phong_FTEL_toan_quoc_upd_Foxeco.csv,28,be32c72f2b34aeabdcad21a26636d2473de1079ef5f5d35a9b7cc2a0e0a9525b,t,2026-07-23 07:41:34.052246+00,2026-07-23 07:41:34.052246+00,hni tang 17 18 fpt tower,\N,\N,HNI,\N,\N,HO,"HNI Tầng 17,18 FPT Tower",HNI|tang 17 18 fpt tower,"[{""row"": 28, ""section"": ""HO"", ""raw_label"": ""HNI Tầng 17,18 FPT Tower""}, {""row"": 16, ""section"": ""FTI_FPL"", ""raw_label"": ""HNI Tầng 17,18 FPT Tower""}]",[]
4ca40215-1687-567c-9887-b9a0388cbaf9,"Trung Sơn Trầm, TX Sơn Tây",trung son tram tx son tay,21.111239,105.490167,MISSING,DS_Dia_chi_van_phong_FTEL_toan_quoc_upd_Foxeco.csv,29,be32c72f2b34aeabdcad21a26636d2473de1079ef5f5d35a9b7cc2a0e0a9525b,t,2026-07-23 07:41:34.052246+00,2026-07-23 07:41:34.052246+00,hni trung son tram tx son tay,\N,\N,HNI,\N,\N,HO,"HNI Trung Sơn Trầm, TX Sơn Tây",HNI|trung son tram tx son tay,"[{""row"": 29, ""section"": ""HO"", ""raw_label"": ""HNI Trung Sơn Trầm, TX Sơn Tây""}]",[]
5c026906-53ab-5ba0-a10a-b2274a0dc142,"108 Thanh Hưng, Lục Nam",108 thanh hung luc nam,10.76667,106.41667,MISSING,DS_Dia_chi_van_phong_FTEL_toan_quoc_upd_Foxeco.csv,5,be32c72f2b34aeabdcad21a26636d2473de1079ef5f5d35a9b7cc2a0e0a9525b,t,2026-07-23 07:41:34.052246+00,2026-07-23 07:41:34.052246+00,bgg 108 thanh hung luc nam,\N,\N,BGG,\N,FTELBUTBB,KINH_DOANH,"BGG 108 Thanh Hưng, Lục Nam",BGG|108 thanh hung luc nam,"[{""row"": 5, ""section"": ""KINH_DOANH"", ""raw_label"": ""BGG 108 Thanh Hưng, Lục Nam""}]",[]
c8995436-af96-55c2-bb6e-492e829f861e,"142 Trường Trinh, Lục Ngạn",142 truong trinh luc ngan,,,MISSING,DS_Dia_chi_van_phong_FTEL_toan_quoc_upd_Foxeco.csv,6,be32c72f2b34aeabdcad21a26636d2473de1079ef5f5d35a9b7cc2a0e0a9525b,t,2026-07-23 07:41:34.052246+00,2026-07-23 07:41:34.052246+00,bgg 142 truong trinh luc ngan,\N,\N,BGG,\N,FTELBUTBB,KINH_DOANH,"BGG 142 Trường Trinh, Lục Ngạn",BGG|142 truong trinh luc ngan,"[{""row"": 6, ""section"": ""KINH_DOANH"", ""raw_label"": ""BGG 142 Trường Trinh, Lục Ngạn""}]","[""TRUNCATED_30""]"
c9ec7546-02d6-53e8-9f38-eb460785b88a,"61 Hoàng Văn Thái,TT Thắng",61 hoang van thai tt thang,,,MISSING,DS_Dia_chi_van_phong_FTEL_toan_quoc_upd_Foxeco.csv,7,be32c72f2b34aeabdcad21a26636d2473de1079ef5f5d35a9b7cc2a0e0a9525b,t,2026-07-23 07:41:34.052246+00,2026-07-23 07:41:34.052246+00,bgg 61 hoang van thai tt thang,\N,\N,BGG,\N,FTELBUTBB,KINH_DOANH,"BGG 61 Hoàng Văn Thái,TT Thắng",BGG|61 hoang van thai tt thang,"[{""row"": 7, ""section"": ""KINH_DOANH"", ""raw_label"": ""BGG 61 Hoàng Văn Thái,TT Thắng""}]","[""TRUNCATED_30""]"
459b03d9-a151-50f2-8a52-26130613079a,"ALK36-06,KĐTPhía Nam,Ttiến",alk36 06 kdtphia nam ttien,,,MISSING,DS_Dia_chi_van_phong_FTEL_toan_quoc_upd_Foxeco.csv,8,be32c72f2b34aeabdcad21a26636d2473de1079ef5f5d35a9b7cc2a0e0a9525b,t,2026-07-23 07:41:34.052246+00,2026-07-23 07:41:34.052246+00,bgg alk36 06 kdtphia nam ttien,\N,\N,BGG,\N,FTELBUTBB,KINH_DOANH,"BGG ALK36-06,KĐTPhía Nam,Ttiến",BGG|alk36 06 kdtphia nam ttien,"[{""row"": 8, ""section"": ""KINH_DOANH"", ""raw_label"": ""BGG ALK36-06,KĐTPhía Nam,Ttiến""}]","[""TRUNCATED_30""]"
55229986-5dc5-5b3e-a57e-cc5a9cb6916a,"Hà Vị 2, Thọ Xương",ha vi 2 tho xuong,21.0288939,105.8483636,MISSING,DS_Dia_chi_van_phong_FTEL_toan_quoc_upd_Foxeco.csv,9,be32c72f2b34aeabdcad21a26636d2473de1079ef5f5d35a9b7cc2a0e0a9525b,t,2026-07-23 07:41:34.052246+00,2026-07-23 07:41:34.052246+00,bgg ha vi 2 tho xuong,\N,\N,BGG,\N,FTELBUTBB,KINH_DOANH,"BGG Hà Vị 2, Thọ Xương",BGG|ha vi 2 tho xuong,"[{""row"": 9, ""section"": ""KINH_DOANH"", ""raw_label"": ""BGG Hà Vị 2, Thọ Xương""}]",[]
fad807c5-151c-5152-89be-cacc8b18a3db,"Ngã 3,Phúc Lâm,TT Việt Yên",nga 3 phuc lam tt viet yen,12.958514,109.409996,MISSING,DS_Dia_chi_van_phong_FTEL_toan_quoc_upd_Foxeco.csv,10,be32c72f2b34aeabdcad21a26636d2473de1079ef5f5d35a9b7cc2a0e0a9525b,t,2026-07-23 07:41:34.052246+00,2026-07-23 07:41:34.052246+00,bgg nga 3 phuc lam tt viet yen,\N,\N,BGG,\N,FTELBUTBB,KINH_DOANH,"BGG Ngã 3,Phúc Lâm,TT Việt Yên",BGG|nga 3 phuc lam tt viet yen,"[{""row"": 10, ""section"": ""KINH_DOANH"", ""raw_label"": ""BGG Ngã 3,Phúc Lâm,TT Việt Yên""}]","[""TRUNCATED_30""]"
b78ee8e4-a8e9-51ac-824a-16b9a098e891,"TDP 5,TTNham Biền,Yên Dũng",tdp 5 ttnham bien yen dung,21.40683,105.896458,MISSING,DS_Dia_chi_van_phong_FTEL_toan_quoc_upd_Foxeco.csv,11,be32c72f2b34aeabdcad21a26636d2473de1079ef5f5d35a9b7cc2a0e0a9525b,t,2026-07-23 07:41:34.052246+00,2026-07-23 07:41:34.052246+00,bgg tdp 5 ttnham bien yen dung,\N,\N,BGG,\N,FTELBUTBB,KINH_DOANH,"BGG TDP 5,TTNham Biền,Yên Dũng",BGG|tdp 5 ttnham bien yen dung,"[{""row"": 11, ""section"": ""KINH_DOANH"", ""raw_label"": ""BGG TDP 5,TTNham Biền,Yên Dũng""}]","[""TRUNCATED_30""]"
87d0bccc-17de-5724-b422-346d30ae614c,"Tiến Phan, Nhã Nam,Tân Yên",tien phan nha nam tan yen,18.95181,105.38222,MISSING,DS_Dia_chi_van_phong_FTEL_toan_quoc_upd_Foxeco.csv,12,be32c72f2b34aeabdcad21a26636d2473de1079ef5f5d35a9b7cc2a0e0a9525b,t,2026-07-23 07:41:34.052246+00,2026-07-23 07:41:34.052246+00,bgg tien phan nha nam tan yen,\N,\N,BGG,\N,FTELBUTBB,KINH_DOANH,"BGG Tiến Phan, Nhã Nam,Tân Yên",BGG|tien phan nha nam tan yen,"[{""row"": 12, ""section"": ""KINH_DOANH"", ""raw_label"": ""BGG Tiến Phan, Nhã Nam,Tân Yên""}]","[""TRUNCATED_30""]"
02317ddd-120b-5f89-b027-09ace7e79bc8,177TrườngChinhTTThắngHiệpHò,177truongchinhttthanghiepho,,,MISSING,DS_Dia_chi_van_phong_FTEL_toan_quoc_upd_Foxeco.csv,13,be32c72f2b34aeabdcad21a26636d2473de1079ef5f5d35a9b7cc2a0e0a9525b,t,2026-07-23 07:41:34.052246+00,2026-07-23 07:41:34.052246+00,bgg 177truongchinhttthanghiepho,\N,\N,BGG,\N,FTELBUTBB,KINH_DOANH,BGG177TrườngChinhTTThắngHiệpHò,BGG|177truongchinhttthanghiepho,"[{""row"": 13, ""section"": ""KINH_DOANH"", ""raw_label"": ""BGG177TrườngChinhTTThắngHiệpHò""}]","[""MALFORMED_PREFIX_NO_SPACE"", ""TRUNCATED_30""]"
412efc27-7f8e-5ba6-9dc8-9b0640e36023,"103 Lê Thánh Tông,Võ Cường",103 le thanh tong vo cuong,21.1620368,106.0561168,MISSING,DS_Dia_chi_van_phong_FTEL_toan_quoc_upd_Foxeco.csv,15,be32c72f2b34aeabdcad21a26636d2473de1079ef5f5d35a9b7cc2a0e0a9525b,t,2026-07-23 07:41:34.052246+00,2026-07-23 07:41:34.052246+00,bnh 103 le thanh tong vo cuong,\N,\N,BNH,\N,FTELBUTBB,KINH_DOANH,"BNH 103 Lê Thánh Tông,Võ Cường",BNH|103 le thanh tong vo cuong,"[{""row"": 15, ""section"": ""KINH_DOANH"", ""raw_label"": ""BNH 103 Lê Thánh Tông,Võ Cường""}]","[""TRUNCATED_30""]"
35b46a24-bc7e-5504-acee-06dcfc81c0bb,"450 Hàn Thuyên, Lương Tài",450 han thuyen luong tai,21.0248584,106.2115766,MISSING,DS_Dia_chi_van_phong_FTEL_toan_quoc_upd_Foxeco.csv,16,be32c72f2b34aeabdcad21a26636d2473de1079ef5f5d35a9b7cc2a0e0a9525b,t,2026-07-23 07:41:34.052246+00,2026-07-23 07:41:34.052246+00,bnh 450 han thuyen luong tai,\N,\N,BNH,\N,FTELBUTBB,KINH_DOANH,"BNH 450 Hàn Thuyên, Lương Tài",BNH|450 han thuyen luong tai,"[{""row"": 16, ""section"": ""KINH_DOANH"", ""raw_label"": ""BNH 450 Hàn Thuyên, Lương Tài""}]",[]
2a167301-bd51-5aa5-9b5f-a2e42692b1e8,"KP Khám,G.Đông,Thuận Thành",kp kham g dong thuan thanh,10.994162,106.707507,MISSING,DS_Dia_chi_van_phong_FTEL_toan_quoc_upd_Foxeco.csv,17,be32c72f2b34aeabdcad21a26636d2473de1079ef5f5d35a9b7cc2a0e0a9525b,t,2026-07-23 07:41:34.052246+00,2026-07-23 07:41:34.052246+00,bnh kp kham g dong thuan thanh,\N,\N,BNH,\N,FTELBUTBB,KINH_DOANH,"BNH KP Khám,G.Đông,Thuận Thành",BNH|kp kham g dong thuan thanh,"[{""row"": 17, ""section"": ""KINH_DOANH"", ""raw_label"": ""BNH KP Khám,G.Đông,Thuận Thành""}]","[""TRUNCATED_30""]"
177442ce-d0cf-5dae-aa50-ef0cc896d663,"Số 6 Lý Thánh Tông, Từ Sơn",so 6 ly thanh tong tu son,21.1206437,105.9735105,MISSING,DS_Dia_chi_van_phong_FTEL_toan_quoc_upd_Foxeco.csv,18,be32c72f2b34aeabdcad21a26636d2473de1079ef5f5d35a9b7cc2a0e0a9525b,t,2026-07-23 07:41:34.052246+00,2026-07-23 07:41:34.052246+00,bnh so 6 ly thanh tong tu son,\N,\N,BNH,\N,FTELBUTBB,KINH_DOANH,"BNH Số 6 Lý Thánh Tông, Từ Sơn",BNH|so 6 ly thanh tong tu son,"[{""row"": 18, ""section"": ""KINH_DOANH"", ""raw_label"": ""BNH Số 6 Lý Thánh Tông, Từ Sơn""}]","[""TRUNCATED_30""]"
81843645-8e37-588f-84a5-8549ddedd645,"Tam Lư, Từ Sơn",tam lu tu son,21.1217447,105.9798717,MISSING,DS_Dia_chi_van_phong_FTEL_toan_quoc_upd_Foxeco.csv,19,be32c72f2b34aeabdcad21a26636d2473de1079ef5f5d35a9b7cc2a0e0a9525b,t,2026-07-23 07:41:34.052246+00,2026-07-23 07:41:34.052246+00,bnh tam lu tu son,\N,\N,BNH,\N,FTELBUTBB,KINH_DOANH,"BNH Tam Lư, Từ Sơn",BNH|tam lu tu son,"[{""row"": 19, ""section"": ""KINH_DOANH"", ""raw_label"": ""BNH Tam Lư, Từ Sơn""}]",[]
bf4cd64b-5570-5bff-904c-639170a9dd68,"TT Chờ, Yên Phong",tt cho yen phong,21.2027049,105.9592546,MISSING,DS_Dia_chi_van_phong_FTEL_toan_quoc_upd_Foxeco.csv,20,be32c72f2b34aeabdcad21a26636d2473de1079ef5f5d35a9b7cc2a0e0a9525b,t,2026-07-23 07:41:34.052246+00,2026-07-23 07:41:34.052246+00,bnh tt cho yen phong,\N,\N,BNH,\N,FTELBUTBB,KINH_DOANH,"BNH TT Chờ, Yên Phong",BNH|tt cho yen phong,"[{""row"": 20, ""section"": ""KINH_DOANH"", ""raw_label"": ""BNH TT Chờ, Yên Phong""}]",[]
5fac774b-22cb-5978-b42c-f6f9998cb59d,"TT Phố Mới, Quế Võ",tt pho moi que vo,21.1616053,106.1510772,MISSING,DS_Dia_chi_van_phong_FTEL_toan_quoc_upd_Foxeco.csv,21,be32c72f2b34aeabdcad21a26636d2473de1079ef5f5d35a9b7cc2a0e0a9525b,t,2026-07-23 07:41:34.052246+00,2026-07-23 07:41:34.052246+00,bnh tt pho moi que vo,\N,\N,BNH,\N,FTELBUTBB,KINH_DOANH,"BNH TT Phố Mới, Quế Võ",BNH|tt pho moi que vo,"[{""row"": 21, ""section"": ""KINH_DOANH"", ""raw_label"": ""BNH TT Phố Mới, Quế Võ""}]",[]
930001d8-a4e6-5046-a637-ab60f3a9e55e,"08 Kim Đồng, Hợp Giang",08 kim dong hop giang,22.6625508,106.2599558,MISSING,DS_Dia_chi_van_phong_FTEL_toan_quoc_upd_Foxeco.csv,23,be32c72f2b34aeabdcad21a26636d2473de1079ef5f5d35a9b7cc2a0e0a9525b,t,2026-07-23 07:41:34.052246+00,2026-07-23 07:41:34.052246+00,cbg 08 kim dong hop giang,\N,\N,CBG,\N,FTELBUTBB,KINH_DOANH,"CBG 08 Kim Đồng, Hợp Giang",CBG|08 kim dong hop giang,"[{""row"": 23, ""section"": ""KINH_DOANH"", ""raw_label"": ""CBG 08 Kim Đồng, Hợp Giang""}]",[]
39b866ef-f539-5ad3-8ae7-211ad7766860,"Trường Chinh,Tổ7,Bắc Quang",truong chinh to7 bac quang,22.3953882,104.8239957,MISSING,DS_Dia_chi_van_phong_FTEL_toan_quoc_upd_Foxeco.csv,25,be32c72f2b34aeabdcad21a26636d2473de1079ef5f5d35a9b7cc2a0e0a9525b,t,2026-07-23 07:41:34.052246+00,2026-07-23 07:41:34.052246+00,hag truong chinh to7 bac quang,\N,\N,HAG,\N,FTELBUTBB,KINH_DOANH,"HAG Trường Chinh,Tổ7,Bắc Quang",HAG|truong chinh to7 bac quang,"[{""row"": 25, ""section"": ""KINH_DOANH"", ""raw_label"": ""HAG Trường Chinh,Tổ7,Bắc Quang""}]","[""TRUNCATED_30""]"
cd9d5242-76f5-5772-9826-ab56568d5de1,"Vincom, Tổ 12, P. Hà Giang",vincom to 12 p ha giang,21.013657,105.85087,MISSING,DS_Dia_chi_van_phong_FTEL_toan_quoc_upd_Foxeco.csv,26,be32c72f2b34aeabdcad21a26636d2473de1079ef5f5d35a9b7cc2a0e0a9525b,t,2026-07-23 07:41:34.052246+00,2026-07-23 07:41:34.052246+00,hag vincom to 12 p ha giang,\N,\N,HAG,\N,FTELBUTBB,KINH_DOANH,"HAG Vincom, Tổ 12, P. Hà Giang",HAG|vincom to 12 p ha giang,"[{""row"": 26, ""section"": ""KINH_DOANH"", ""raw_label"": ""HAG Vincom, Tổ 12, P. Hà Giang""}]","[""TRUNCATED_30""]"
1c30f867-6123-5295-9d1d-29931eaefa19,"313 Trần Hưng Đạo, Sủ Ngòi",313 tran hung dao su ngoi,,,MISSING,DS_Dia_chi_van_phong_FTEL_toan_quoc_upd_Foxeco.csv,28,be32c72f2b34aeabdcad21a26636d2473de1079ef5f5d35a9b7cc2a0e0a9525b,t,2026-07-23 07:41:34.052246+00,2026-07-23 07:41:34.052246+00,hbh 313 tran hung dao su ngoi,\N,\N,HBH,\N,FTELBUTBB,KINH_DOANH,"HBH 313 Trần Hưng Đạo, Sủ Ngòi",HBH|313 tran hung dao su ngoi,"[{""row"": 28, ""section"": ""KINH_DOANH"", ""raw_label"": ""HBH 313 Trần Hưng Đạo, Sủ Ngòi""}]","[""TRUNCATED_30""]"
fa54cb4d-0c2b-505c-bd04-31287781e63e,"59 THĐ, Chi Nê, Lạc Thủy",59 thd chi ne lac thuy,11.045612,106.456816,MISSING,DS_Dia_chi_van_phong_FTEL_toan_quoc_upd_Foxeco.csv,29,be32c72f2b34aeabdcad21a26636d2473de1079ef5f5d35a9b7cc2a0e0a9525b,t,2026-07-23 07:41:34.052246+00,2026-07-23 07:41:34.052246+00,hbh 59 thd chi ne lac thuy,\N,\N,HBH,\N,FTELBUTBB,KINH_DOANH,"HBH 59 THĐ, Chi Nê, Lạc Thủy",HBH|59 thd chi ne lac thuy,"[{""row"": 29, ""section"": ""KINH_DOANH"", ""raw_label"": ""HBH 59 THĐ, Chi Nê, Lạc Thủy""}]",[]
7c98b07d-1bb8-5e36-9bc7-2f80d5f73500,"665 Cù Chính Lan, TP HBH",665 cu chinh lan tp hbh,,,MISSING,DS_Dia_chi_van_phong_FTEL_toan_quoc_upd_Foxeco.csv,30,be32c72f2b34aeabdcad21a26636d2473de1079ef5f5d35a9b7cc2a0e0a9525b,t,2026-07-23 07:41:34.052246+00,2026-07-23 07:41:34.052246+00,hbh 665 cu chinh lan tp hbh,\N,\N,HBH,\N,FTELBUTBB,KINH_DOANH,"HBH 665 Cù Chính Lan, TP HBH",HBH|665 cu chinh lan tp hbh,"[{""row"": 30, ""section"": ""KINH_DOANH"", ""raw_label"": ""HBH 665 Cù Chính Lan, TP HBH""}]",[]
2c00140f-1d35-5e0d-a461-d0d0c337bebb,"Lục Cả, TT Bo, Kim Bôi",luc ca tt bo kim boi,,,MISSING,DS_Dia_chi_van_phong_FTEL_toan_quoc_upd_Foxeco.csv,31,be32c72f2b34aeabdcad21a26636d2473de1079ef5f5d35a9b7cc2a0e0a9525b,t,2026-07-23 07:41:34.052246+00,2026-07-23 07:41:34.052246+00,hbh luc ca tt bo kim boi,\N,\N,HBH,\N,FTELBUTBB,KINH_DOANH,"HBH Lục Cả, TT Bo, Kim Bôi",HBH|luc ca tt bo kim boi,"[{""row"": 31, ""section"": ""KINH_DOANH"", ""raw_label"": ""HBH Lục Cả, TT Bo, Kim Bôi""}]",[]
0f7419d8-8d99-5d3a-b8eb-fa32fd6eed0f,"Số 26 Trần Phú, Yên Thủy",so 26 tran phu yen thuy,20.3993725,105.6201850,MISSING,DS_Dia_chi_van_phong_FTEL_toan_quoc_upd_Foxeco.csv,32,be32c72f2b34aeabdcad21a26636d2473de1079ef5f5d35a9b7cc2a0e0a9525b,t,2026-07-23 07:41:34.052246+00,2026-07-23 07:41:34.052246+00,hbh so 26 tran phu yen thuy,\N,\N,HBH,\N,FTELBUTBB,KINH_DOANH,"HBH Số 26 Trần Phú, Yên Thủy",HBH|so 26 tran phu yen thuy,"[{""row"": 32, ""section"": ""KINH_DOANH"", ""raw_label"": ""HBH Số 26 Trần Phú, Yên Thủy""}]",[]
16199825-68d4-54fd-bda5-6b71cc13b4e8,"TT Mường Khến, Tân Lạc",tt muong khen tan lac,20.61441,105.27948,MISSING,DS_Dia_chi_van_phong_FTEL_toan_quoc_upd_Foxeco.csv,33,be32c72f2b34aeabdcad21a26636d2473de1079ef5f5d35a9b7cc2a0e0a9525b,t,2026-07-23 07:41:34.052246+00,2026-07-23 07:41:34.052246+00,hbh tt muong khen tan lac,\N,\N,HBH,\N,FTELBUTBB,KINH_DOANH,"HBH TT Mường Khến, Tân Lạc",HBH|tt muong khen tan lac,"[{""row"": 33, ""section"": ""KINH_DOANH"", ""raw_label"": ""HBH TT Mường Khến, Tân Lạc""}]",[]
6025e01c-06b3-592b-9dd9-8a132fe9a957,"228 Hoàng Liên, Cốc Lếu",228 hoang lien coc leu,22.5010256,103.9659631,MISSING,DS_Dia_chi_van_phong_FTEL_toan_quoc_upd_Foxeco.csv,35,be32c72f2b34aeabdcad21a26636d2473de1079ef5f5d35a9b7cc2a0e0a9525b,t,2026-07-23 07:41:34.052246+00,2026-07-23 07:41:34.052246+00,lci 228 hoang lien coc leu,\N,\N,LCI,\N,FTELBUTBB,KINH_DOANH,"LCI 228 Hoàng Liên, Cốc Lếu",LCI|228 hoang lien coc leu,"[{""row"": 35, ""section"": ""KINH_DOANH"", ""raw_label"": ""LCI 228 Hoàng Liên, Cốc Lếu""}]",[]
e4540581-8bbe-5d78-8519-30c1f79762e2,"363 Điện Biên Phủ, Sa Pa",363 dien bien phu sa pa,22.3405961,103.8337072,MISSING,DS_Dia_chi_van_phong_FTEL_toan_quoc_upd_Foxeco.csv,36,be32c72f2b34aeabdcad21a26636d2473de1079ef5f5d35a9b7cc2a0e0a9525b,t,2026-07-23 07:41:34.052246+00,2026-07-23 07:41:34.052246+00,lci 363 dien bien phu sa pa,\N,\N,LCI,\N,FTELBUTBB,KINH_DOANH,"LCI 363 Điện Biên Phủ, Sa Pa",LCI|363 dien bien phu sa pa,"[{""row"": 36, ""section"": ""KINH_DOANH"", ""raw_label"": ""LCI 363 Điện Biên Phủ, Sa Pa""}]",[]
7bdbc62d-d057-546f-b19f-e35b5be0c791,"39 Khuất Quang Chiến,TT Lu",39 khuat quang chien tt lu,,,MISSING,DS_Dia_chi_van_phong_FTEL_toan_quoc_upd_Foxeco.csv,37,be32c72f2b34aeabdcad21a26636d2473de1079ef5f5d35a9b7cc2a0e0a9525b,t,2026-07-23 07:41:34.052246+00,2026-07-23 07:41:34.052246+00,lci 39 khuat quang chien tt lu,\N,\N,LCI,\N,FTELBUTBB,KINH_DOANH,"LCI 39 Khuất Quang Chiến,TT Lu",LCI|39 khuat quang chien tt lu,"[{""row"": 37, ""section"": ""KINH_DOANH"", ""raw_label"": ""LCI 39 Khuất Quang Chiến,TT Lu""}]","[""TRUNCATED_30""]"
c78a26c3-a6d4-5858-a855-30a5962b580a,"85 Trần Đăng Ninh,TP.LCai",85 tran dang ninh tp lcai,,,MISSING,DS_Dia_chi_van_phong_FTEL_toan_quoc_upd_Foxeco.csv,38,be32c72f2b34aeabdcad21a26636d2473de1079ef5f5d35a9b7cc2a0e0a9525b,t,2026-07-23 07:41:34.052246+00,2026-07-23 07:41:34.052246+00,lci 85 tran dang ninh tp lcai,\N,\N,LCI,\N,FTELBUTBB,KINH_DOANH,"LCI 85 Trần Đăng Ninh,TP.LCai",LCI|85 tran dang ninh tp lcai,"[{""row"": 38, ""section"": ""KINH_DOANH"", ""raw_label"": ""LCI 85 Trần Đăng Ninh,TP.LCai""}]",[]
35c0596f-3a14-5bdc-a9b4-4e6df93b3221,"168HoàngVăn Thụ,Tràng Định",168hoangvan thu trang dinh,22.256383,106.475337,MISSING,DS_Dia_chi_van_phong_FTEL_toan_quoc_upd_Foxeco.csv,40,be32c72f2b34aeabdcad21a26636d2473de1079ef5f5d35a9b7cc2a0e0a9525b,t,2026-07-23 07:41:34.052246+00,2026-07-23 07:41:34.052246+00,lsn 168hoangvan thu trang dinh,\N,\N,LSN,\N,FTELBUTBB,KINH_DOANH,"LSN 168HoàngVăn Thụ,Tràng Định",LSN|168hoangvan thu trang dinh,"[{""row"": 40, ""section"": ""KINH_DOANH"", ""raw_label"": ""LSN 168HoàngVăn Thụ,Tràng Định""}]","[""TRUNCATED_30""]"
074396a2-37ec-5c7d-a1e1-3d7400a78ec8,"215 Chi Lăng, Hữu Lũng",215 chi lang huu lung,,,MISSING,DS_Dia_chi_van_phong_FTEL_toan_quoc_upd_Foxeco.csv,41,be32c72f2b34aeabdcad21a26636d2473de1079ef5f5d35a9b7cc2a0e0a9525b,t,2026-07-23 07:41:34.052246+00,2026-07-23 07:41:34.052246+00,lsn 215 chi lang huu lung,\N,\N,LSN,\N,FTELBUTBB,KINH_DOANH,"LSN 215 Chi Lăng, Hữu Lũng",LSN|215 chi lang huu lung,"[{""row"": 41, ""section"": ""KINH_DOANH"", ""raw_label"": ""LSN 215 Chi Lăng, Hữu Lũng""}]",[]
92d8e767-9e96-5698-b225-cd7666918da6,"286A Hùng Vương, Đông Kinh",286a hung vuong dong kinh,21.8293339,106.7666389,MISSING,DS_Dia_chi_van_phong_FTEL_toan_quoc_upd_Foxeco.csv,42,be32c72f2b34aeabdcad21a26636d2473de1079ef5f5d35a9b7cc2a0e0a9525b,t,2026-07-23 07:41:34.052246+00,2026-07-23 07:41:34.052246+00,lsn 286a hung vuong dong kinh,\N,\N,LSN,\N,FTELBUTBB,KINH_DOANH,"LSN 286A Hùng Vương, Đông Kinh",LSN|286a hung vuong dong kinh,"[{""row"": 42, ""section"": ""KINH_DOANH"", ""raw_label"": ""LSN 286A Hùng Vương, Đông Kinh""}]","[""TRUNCATED_30""]"
432ca293-0372-5028-89f5-535e04f48f6a,"35B Khai Vệ, Đông Kinh",35b khai ve dong kinh,,,MISSING,DS_Dia_chi_van_phong_FTEL_toan_quoc_upd_Foxeco.csv,43,be32c72f2b34aeabdcad21a26636d2473de1079ef5f5d35a9b7cc2a0e0a9525b,t,2026-07-23 07:41:34.052246+00,2026-07-23 07:41:34.052246+00,lsn 35b khai ve dong kinh,\N,\N,LSN,\N,FTELBUTBB,KINH_DOANH,"LSN 35B Khai Vệ, Đông Kinh",LSN|35b khai ve dong kinh,"[{""row"": 43, ""section"": ""KINH_DOANH"", ""raw_label"": ""LSN 35B Khai Vệ, Đông Kinh""}]",[]
43005887-f896-5b29-ab06-ecd6e9614194,"57B Minh Khai, Lộc Bình",57b minh khai loc binh,21.765905,106.915704,MISSING,DS_Dia_chi_van_phong_FTEL_toan_quoc_upd_Foxeco.csv,44,be32c72f2b34aeabdcad21a26636d2473de1079ef5f5d35a9b7cc2a0e0a9525b,t,2026-07-23 07:41:34.052246+00,2026-07-23 07:41:34.052246+00,lsn 57b minh khai loc binh,\N,\N,LSN,\N,FTELBUTBB,KINH_DOANH,"LSN 57B Minh Khai, Lộc Bình",LSN|57b minh khai loc binh,"[{""row"": 44, ""section"": ""KINH_DOANH"", ""raw_label"": ""LSN 57B Minh Khai, Lộc Bình""}]",[]
69eae1a5-59c6-5770-871e-9b96e8f735c8,"83 Đại Huề, Chi Lăng",83 dai hue chi lang,21.6538713,106.5828515,MISSING,DS_Dia_chi_van_phong_FTEL_toan_quoc_upd_Foxeco.csv,45,be32c72f2b34aeabdcad21a26636d2473de1079ef5f5d35a9b7cc2a0e0a9525b,t,2026-07-23 07:41:34.052246+00,2026-07-23 07:41:34.052246+00,lsn 83 dai hue chi lang,\N,\N,LSN,\N,FTELBUTBB,KINH_DOANH,"LSN 83 Đại Huề, Chi Lăng",LSN|83 dai hue chi lang,"[{""row"": 45, ""section"": ""KINH_DOANH"", ""raw_label"": ""LSN 83 Đại Huề, Chi Lăng""}]",[]
86f2910f-c83b-5793-9533-eaafe59c0800,"1121 ĐL Hùng Vương,TP VTrì",1121 dl hung vuong tp vtri,49.548384,25.594807,MISSING,DS_Dia_chi_van_phong_FTEL_toan_quoc_upd_Foxeco.csv,47,be32c72f2b34aeabdcad21a26636d2473de1079ef5f5d35a9b7cc2a0e0a9525b,t,2026-07-23 07:41:34.052246+00,2026-07-23 07:41:34.052246+00,pto 1121 dl hung vuong tp vtri,\N,\N,PTO,\N,FTELBUTBB,KINH_DOANH,"PTO 1121 ĐL Hùng Vương,TP VTrì",PTO|1121 dl hung vuong tp vtri,"[{""row"": 47, ""section"": ""KINH_DOANH"", ""raw_label"": ""PTO 1121 ĐL Hùng Vương,TP VTrì""}]","[""TRUNCATED_30""]"
f01196c0-60e6-52e1-b667-e3830db6a734,"78 Hòa Bình, TX PTO",78 hoa binh tx pto,29.902791,-93.912277,MISSING,DS_Dia_chi_van_phong_FTEL_toan_quoc_upd_Foxeco.csv,48,be32c72f2b34aeabdcad21a26636d2473de1079ef5f5d35a9b7cc2a0e0a9525b,t,2026-07-23 07:41:34.052246+00,2026-07-23 07:41:34.052246+00,pto 78 hoa binh tx pto,\N,\N,PTO,\N,FTELBUTBB,KINH_DOANH,"PTO 78 Hòa Bình, TX PTO",PTO|78 hoa binh tx pto,"[{""row"": 48, ""section"": ""KINH_DOANH"", ""raw_label"": ""PTO 78 Hòa Bình, TX PTO""}]",[]
36d270f5-cac2-5f91-b842-9f3e449c202a,"Khu 11, TT Hạ Hòa",khu 11 tt ha hoa,10.7926291,106.6359161,MISSING,DS_Dia_chi_van_phong_FTEL_toan_quoc_upd_Foxeco.csv,49,be32c72f2b34aeabdcad21a26636d2473de1079ef5f5d35a9b7cc2a0e0a9525b,t,2026-07-23 07:41:34.052246+00,2026-07-23 07:41:34.052246+00,pto khu 11 tt ha hoa,\N,\N,PTO,\N,FTELBUTBB,KINH_DOANH,"PTO Khu 11, TT Hạ Hòa",PTO|khu 11 tt ha hoa,"[{""row"": 49, ""section"": ""KINH_DOANH"", ""raw_label"": ""PTO Khu 11, TT Hạ Hòa""}]",[]
ce91403f-12a7-55ec-b241-c7ee50197f2a,"Khu 14 Hùng Sơn, Lâm Thao",khu 14 hung son lam thao,21.256369,105.340034,MISSING,DS_Dia_chi_van_phong_FTEL_toan_quoc_upd_Foxeco.csv,50,be32c72f2b34aeabdcad21a26636d2473de1079ef5f5d35a9b7cc2a0e0a9525b,t,2026-07-23 07:41:34.052246+00,2026-07-23 07:41:34.052246+00,pto khu 14 hung son lam thao,\N,\N,PTO,\N,FTELBUTBB,KINH_DOANH,"PTO Khu 14 Hùng Sơn, Lâm Thao",PTO|khu 14 hung son lam thao,"[{""row"": 50, ""section"": ""KINH_DOANH"", ""raw_label"": ""PTO Khu 14 Hùng Sơn, Lâm Thao""}]",[]
a374f31e-c442-5357-a733-1dedd1fbb563,"Khu 9, TT Thanh Thủy",khu 9 tt thanh thuy,21.168395,105.283419,MISSING,DS_Dia_chi_van_phong_FTEL_toan_quoc_upd_Foxeco.csv,51,be32c72f2b34aeabdcad21a26636d2473de1079ef5f5d35a9b7cc2a0e0a9525b,t,2026-07-23 07:41:34.052246+00,2026-07-23 07:41:34.052246+00,pto khu 9 tt thanh thuy,\N,\N,PTO,\N,FTELBUTBB,KINH_DOANH,"PTO Khu 9, TT Thanh Thủy",PTO|khu 9 tt thanh thuy,"[{""row"": 51, ""section"": ""KINH_DOANH"", ""raw_label"": ""PTO Khu 9, TT Thanh Thủy""}]",[]
10b29e38-e290-5b57-bd30-a9b8a44453fa,"Khu Trung tâm, TT Cẩm Khê",khu trung tam tt cam khe,16.072885,108.215159,MISSING,DS_Dia_chi_van_phong_FTEL_toan_quoc_upd_Foxeco.csv,52,be32c72f2b34aeabdcad21a26636d2473de1079ef5f5d35a9b7cc2a0e0a9525b,t,2026-07-23 07:41:34.052246+00,2026-07-23 07:41:34.052246+00,pto khu trung tam tt cam khe,\N,\N,PTO,\N,FTELBUTBB,KINH_DOANH,"PTO Khu Trung tâm, TT Cẩm Khê",PTO|khu trung tam tt cam khe,"[{""row"": 52, ""section"": ""KINH_DOANH"", ""raw_label"": ""PTO Khu Trung tâm, TT Cẩm Khê""}]",[]
8add306d-ea18-50d1-b1e1-6cfb19931351,"Số 338 Tân Long, Đoan Hùng",so 338 tan long doan hung,21.352368,105.059117,MISSING,DS_Dia_chi_van_phong_FTEL_toan_quoc_upd_Foxeco.csv,53,be32c72f2b34aeabdcad21a26636d2473de1079ef5f5d35a9b7cc2a0e0a9525b,t,2026-07-23 07:41:34.052246+00,2026-07-23 07:41:34.052246+00,pto so 338 tan long doan hung,\N,\N,PTO,\N,FTELBUTBB,KINH_DOANH,"PTO Số 338 Tân Long, Đoan Hùng",PTO|so 338 tan long doan hung,"[{""row"": 53, ""section"": ""KINH_DOANH"", ""raw_label"": ""PTO Số 338 Tân Long, Đoan Hùng""}]","[""TRUNCATED_30""]"
ff687617-5c7d-5d28-b2ae-68f009f8bb50,"Số 46 Đào Giã, Thanh Ba",so 46 dao gia thanh ba,21.49881,105.14104,MISSING,DS_Dia_chi_van_phong_FTEL_toan_quoc_upd_Foxeco.csv,54,be32c72f2b34aeabdcad21a26636d2473de1079ef5f5d35a9b7cc2a0e0a9525b,t,2026-07-23 07:41:34.052246+00,2026-07-23 07:41:34.052246+00,pto so 46 dao gia thanh ba,\N,\N,PTO,\N,FTELBUTBB,KINH_DOANH,"PTO Số 46 Đào Giã, Thanh Ba",PTO|so 46 dao gia thanh ba,"[{""row"": 54, ""section"": ""KINH_DOANH"", ""raw_label"": ""PTO Số 46 Đào Giã, Thanh Ba""}]",[]
2294a7bb-19bf-5d57-9c4e-585f5dd3ee91,"Tổ 35C, Tiên Cát, Việt Trì",to 35c tien cat viet tri,21.30654,105.41885,MISSING,DS_Dia_chi_van_phong_FTEL_toan_quoc_upd_Foxeco.csv,55,be32c72f2b34aeabdcad21a26636d2473de1079ef5f5d35a9b7cc2a0e0a9525b,t,2026-07-23 07:41:34.052246+00,2026-07-23 07:41:34.052246+00,pto to 35c tien cat viet tri,\N,\N,PTO,\N,FTELBUTBB,KINH_DOANH,"PTO Tổ 35C, Tiên Cát, Việt Trì",PTO|to 35c tien cat viet tri,"[{""row"": 55, ""section"": ""KINH_DOANH"", ""raw_label"": ""PTO Tổ 35C, Tiên Cát, Việt Trì""}]","[""TRUNCATED_30""]"
927cf240-82ff-544e-af35-c4731a4c7a8a,"TT Yên Lập, Yên Lập",tt yen lap yen lap,21.3475083,105.0527308,MISSING,DS_Dia_chi_van_phong_FTEL_toan_quoc_upd_Foxeco.csv,56,be32c72f2b34aeabdcad21a26636d2473de1079ef5f5d35a9b7cc2a0e0a9525b,t,2026-07-23 07:41:34.052246+00,2026-07-23 07:41:34.052246+00,pto tt yen lap yen lap,\N,\N,PTO,\N,FTELBUTBB,KINH_DOANH,"PTO TT Yên Lập, Yên Lập",PTO|tt yen lap yen lap,"[{""row"": 56, ""section"": ""KINH_DOANH"", ""raw_label"": ""PTO TT Yên Lập, Yên Lập""}]",[]
c2baeff0-d35d-5942-8f9e-ea9c80bc8a42,156 Lương Ngọc Quyến,156 luong ngoc quyen,10.8249020,106.7050276,MISSING,DS_Dia_chi_van_phong_FTEL_toan_quoc_upd_Foxeco.csv,58,be32c72f2b34aeabdcad21a26636d2473de1079ef5f5d35a9b7cc2a0e0a9525b,t,2026-07-23 07:41:34.052246+00,2026-07-23 07:41:34.052246+00,tnn 156 luong ngoc quyen,\N,\N,TNN,\N,FTELBUTBB,KINH_DOANH,TNN 156 Lương Ngọc Quyến,TNN|156 luong ngoc quyen,"[{""row"": 58, ""section"": ""KINH_DOANH"", ""raw_label"": ""TNN 156 Lương Ngọc Quyến""}]",[]
675fb15f-4677-56dd-a3b4-a805eeb6957e,"25 QL3,Ba Hàng, TX Phổ Yên",25 ql3 ba hang tx pho yen,21.482372,105.873727,MISSING,DS_Dia_chi_van_phong_FTEL_toan_quoc_upd_Foxeco.csv,59,be32c72f2b34aeabdcad21a26636d2473de1079ef5f5d35a9b7cc2a0e0a9525b,t,2026-07-23 07:41:34.052246+00,2026-07-23 07:41:34.052246+00,tnn 25 ql3 ba hang tx pho yen,\N,\N,TNN,\N,FTELBUTBB,KINH_DOANH,"TNN 25 QL3,Ba Hàng, TX Phổ Yên",TNN|25 ql3 ba hang tx pho yen,"[{""row"": 59, ""section"": ""KINH_DOANH"", ""raw_label"": ""TNN 25 QL3,Ba Hàng, TX Phổ Yên""}]","[""TRUNCATED_30""]"
db328abb-36fa-5d9b-af4f-7dd7c1ef7831,"52 Tôn Đức Thắng, Ba Hàng",52 ton duc thang ba hang,21.35505,105.98344,MISSING,DS_Dia_chi_van_phong_FTEL_toan_quoc_upd_Foxeco.csv,60,be32c72f2b34aeabdcad21a26636d2473de1079ef5f5d35a9b7cc2a0e0a9525b,t,2026-07-23 07:41:34.052246+00,2026-07-23 07:41:34.052246+00,tnn 52 ton duc thang ba hang,\N,\N,TNN,\N,FTELBUTBB,KINH_DOANH,"TNN 52 Tôn Đức Thắng, Ba Hàng",TNN|52 ton duc thang ba hang,"[{""row"": 60, ""section"": ""KINH_DOANH"", ""raw_label"": ""TNN 52 Tôn Đức Thắng, Ba Hàng""}]",[]
10ebad48-3fb5-5417-b0f1-198ce988f85f,"66 Bắc Sơn, Hoàng Văn Thụ",66 bac son hoang van thu,21.5951647,105.8306141,MISSING,DS_Dia_chi_van_phong_FTEL_toan_quoc_upd_Foxeco.csv,61,be32c72f2b34aeabdcad21a26636d2473de1079ef5f5d35a9b7cc2a0e0a9525b,t,2026-07-23 07:41:34.052246+00,2026-07-23 07:41:34.052246+00,tnn 66 bac son hoang van thu,\N,\N,TNN,\N,FTELBUTBB,KINH_DOANH,"TNN 66 Bắc Sơn, Hoàng Văn Thụ",TNN|66 bac son hoang van thu,"[{""row"": 61, ""section"": ""KINH_DOANH"", ""raw_label"": ""TNN 66 Bắc Sơn, Hoàng Văn Thụ""}]",[]
c3a6720b-5f06-5197-b001-1daa40e1b17a,"Phố Chợ2 TTHùng Sơn,Đại Từ",pho cho2 tthung son dai tu,21.05,105.71667,MISSING,DS_Dia_chi_van_phong_FTEL_toan_quoc_upd_Foxeco.csv,62,be32c72f2b34aeabdcad21a26636d2473de1079ef5f5d35a9b7cc2a0e0a9525b,t,2026-07-23 07:41:34.052246+00,2026-07-23 07:41:34.052246+00,tnn pho cho2 tthung son dai tu,\N,\N,TNN,\N,FTELBUTBB,KINH_DOANH,"TNN Phố Chợ2 TTHùng Sơn,Đại Từ",TNN|pho cho2 tthung son dai tu,"[{""row"": 62, ""section"": ""KINH_DOANH"", ""raw_label"": ""TNN Phố Chợ2 TTHùng Sơn,Đại Từ""}]","[""TRUNCATED_30""]"
badfb166-03ed-5476-bc23-f4354876ef63,"Tổ 4 TT Hương Sơn, Phú Bìn",to 4 tt huong son phu bin,,,MISSING,DS_Dia_chi_van_phong_FTEL_toan_quoc_upd_Foxeco.csv,63,be32c72f2b34aeabdcad21a26636d2473de1079ef5f5d35a9b7cc2a0e0a9525b,t,2026-07-23 07:41:34.052246+00,2026-07-23 07:41:34.052246+00,tnn to 4 tt huong son phu bin,\N,\N,TNN,\N,FTELBUTBB,KINH_DOANH,"TNN Tổ 4 TT Hương Sơn, Phú Bìn",TNN|to 4 tt huong son phu bin,"[{""row"": 63, ""section"": ""KINH_DOANH"", ""raw_label"": ""TNN Tổ 4 TT Hương Sơn, Phú Bìn""}]","[""TRUNCATED_30""]"
094091bf-57af-563d-9211-9c46e95cceef,"TT chợ Chu, Định Hóa",tt cho chu dinh hoa,21.9113910,105.6433309,MISSING,DS_Dia_chi_van_phong_FTEL_toan_quoc_upd_Foxeco.csv,64,be32c72f2b34aeabdcad21a26636d2473de1079ef5f5d35a9b7cc2a0e0a9525b,t,2026-07-23 07:41:34.052246+00,2026-07-23 07:41:34.052246+00,tnn tt cho chu dinh hoa,\N,\N,TNN,\N,FTELBUTBB,KINH_DOANH,"TNN TT chợ Chu, Định Hóa",TNN|tt cho chu dinh hoa,"[{""row"": 64, ""section"": ""KINH_DOANH"", ""raw_label"": ""TNN TT chợ Chu, Định Hóa""}]",[]
99dd0531-4d92-5b00-abd0-44a65f4e4f71,"TT Đu, huyện Phú Lương",tt du huyen phu luong,10.814228,105.092805,MISSING,DS_Dia_chi_van_phong_FTEL_toan_quoc_upd_Foxeco.csv,65,be32c72f2b34aeabdcad21a26636d2473de1079ef5f5d35a9b7cc2a0e0a9525b,t,2026-07-23 07:41:34.052246+00,2026-07-23 07:41:34.052246+00,tnn tt du huyen phu luong,\N,\N,TNN,\N,FTELBUTBB,KINH_DOANH,"TNN TT Đu, huyện Phú Lương",TNN|tt du huyen phu luong,"[{""row"": 65, ""section"": ""KINH_DOANH"", ""raw_label"": ""TNN TT Đu, huyện Phú Lương""}]",[]
66c532c9-6364-5ac7-8ab8-30bbaaef0f8b,"118 Trần Phú,T35,Tân Quang",118 tran phu t35 tan quang,21.528029,107.973736,MISSING,DS_Dia_chi_van_phong_FTEL_toan_quoc_upd_Foxeco.csv,67,be32c72f2b34aeabdcad21a26636d2473de1079ef5f5d35a9b7cc2a0e0a9525b,t,2026-07-23 07:41:34.052246+00,2026-07-23 07:41:34.052246+00,tqg 118 tran phu t35 tan quang,\N,\N,TQG,\N,FTELBUTBB,KINH_DOANH,"TQG 118 Trần Phú,T35,Tân Quang",TQG|118 tran phu t35 tan quang,"[{""row"": 67, ""section"": ""KINH_DOANH"", ""raw_label"": ""TQG 118 Trần Phú,T35,Tân Quang""}]","[""TRUNCATED_30""]"
551f1afc-f7d8-587b-84eb-00eca16cc4e6,"263 Lý Nam Đế, Tân Quang",263 ly nam de tan quang,15.88239,108.333787,MISSING,DS_Dia_chi_van_phong_FTEL_toan_quoc_upd_Foxeco.csv,68,be32c72f2b34aeabdcad21a26636d2473de1079ef5f5d35a9b7cc2a0e0a9525b,t,2026-07-23 07:41:34.052246+00,2026-07-23 07:41:34.052246+00,tqg 263 ly nam de tan quang,\N,\N,TQG,\N,FTELBUTBB,KINH_DOANH,"TQG 263 Lý Nam Đế, Tân Quang",TQG|263 ly nam de tan quang,"[{""row"": 68, ""section"": ""KINH_DOANH"", ""raw_label"": ""TQG 263 Lý Nam Đế, Tân Quang""}]",[]
f1cfec33-6abb-5400-b7ee-e58d6cdd13d5,"Quyết Thắng, Sơn Dương",quyet thang son duong,21.3269283,103.9188225,MISSING,DS_Dia_chi_van_phong_FTEL_toan_quoc_upd_Foxeco.csv,69,be32c72f2b34aeabdcad21a26636d2473de1079ef5f5d35a9b7cc2a0e0a9525b,t,2026-07-23 07:41:34.052246+00,2026-07-23 07:41:34.052246+00,tqg quyet thang son duong,\N,\N,TQG,\N,FTELBUTBB,KINH_DOANH,"TQG Quyết Thắng, Sơn Dương",TQG|quyet thang son duong,"[{""row"": 69, ""section"": ""KINH_DOANH"", ""raw_label"": ""TQG Quyết Thắng, Sơn Dương""}]",[]
9557644c-1a8e-548c-bd4a-04dba491dfe2,"Số 324 Tân Thịnh, Hàm Yên",so 324 tan thinh ham yen,21.433512,106.15587,MISSING,DS_Dia_chi_van_phong_FTEL_toan_quoc_upd_Foxeco.csv,70,be32c72f2b34aeabdcad21a26636d2473de1079ef5f5d35a9b7cc2a0e0a9525b,t,2026-07-23 07:41:34.052246+00,2026-07-23 07:41:34.052246+00,tqg so 324 tan thinh ham yen,\N,\N,TQG,\N,FTELBUTBB,KINH_DOANH,"TQG Số 324 Tân Thịnh, Hàm Yên",TQG|so 324 tan thinh ham yen,"[{""row"": 70, ""section"": ""KINH_DOANH"", ""raw_label"": ""TQG Số 324 Tân Thịnh, Hàm Yên""}]",[]
2188b028-6adc-5b01-86ef-f58b54b1e315,"18 Lê Quang Đạo, Phúc Yên",18 le quang dao phuc yen,21.121115,105.972345,MISSING,DS_Dia_chi_van_phong_FTEL_toan_quoc_upd_Foxeco.csv,72,be32c72f2b34aeabdcad21a26636d2473de1079ef5f5d35a9b7cc2a0e0a9525b,t,2026-07-23 07:41:34.052246+00,2026-07-23 07:41:34.052246+00,vpc 18 le quang dao phuc yen,\N,\N,VPC,\N,FTELBUTBB,KINH_DOANH,"VPC 18 Lê Quang Đạo, Phúc Yên",VPC|18 le quang dao phuc yen,"[{""row"": 72, ""section"": ""KINH_DOANH"", ""raw_label"": ""VPC 18 Lê Quang Đạo, Phúc Yên""}]",[]
e89b99b6-6386-5742-8a12-79a638ccd291,"K3 Đoài, TT Yên Lạc",k3 doai tt yen lac,21.3,105.06667,MISSING,DS_Dia_chi_van_phong_FTEL_toan_quoc_upd_Foxeco.csv,73,be32c72f2b34aeabdcad21a26636d2473de1079ef5f5d35a9b7cc2a0e0a9525b,t,2026-07-23 07:41:34.052246+00,2026-07-23 07:41:34.052246+00,vpc k3 doai tt yen lac,\N,\N,VPC,\N,FTELBUTBB,KINH_DOANH,"VPC K3 Đoài, TT Yên Lạc",VPC|k3 doai tt yen lac,"[{""row"": 73, ""section"": ""KINH_DOANH"", ""raw_label"": ""VPC K3 Đoài, TT Yên Lạc""}]",[]
73dc9a7c-fcd0-577e-bde5-c9a701e8bb42,"Lê Xoay, Vĩnh Tường",le xoay vinh tuong,21.2232762,105.5050525,MISSING,DS_Dia_chi_van_phong_FTEL_toan_quoc_upd_Foxeco.csv,74,be32c72f2b34aeabdcad21a26636d2473de1079ef5f5d35a9b7cc2a0e0a9525b,t,2026-07-23 07:41:34.052246+00,2026-07-23 07:41:34.052246+00,vpc le xoay vinh tuong,\N,\N,VPC,\N,FTELBUTBB,KINH_DOANH,"VPC Lê Xoay, Vĩnh Tường",VPC|le xoay vinh tuong,"[{""row"": 74, ""section"": ""KINH_DOANH"", ""raw_label"": ""VPC Lê Xoay, Vĩnh Tường""}]",[]
00c0c280-de75-5a24-81af-095aa7d4b529,"TDP Gạch, Vĩnh Yên",tdp gach vinh yen,10.887965,105.760319,MISSING,DS_Dia_chi_van_phong_FTEL_toan_quoc_upd_Foxeco.csv,75,be32c72f2b34aeabdcad21a26636d2473de1079ef5f5d35a9b7cc2a0e0a9525b,t,2026-07-23 07:41:34.052246+00,2026-07-23 07:41:34.052246+00,vpc tdp gach vinh yen,\N,\N,VPC,\N,FTELBUTBB,KINH_DOANH,"VPC TDP Gạch, Vĩnh Yên",VPC|tdp gach vinh yen,"[{""row"": 75, ""section"": ""KINH_DOANH"", ""raw_label"": ""VPC TDP Gạch, Vĩnh Yên""}]",[]
f7b1c172-9bce-5833-8224-4d31804b942f,"TDP Vĩnh Thịnh,TTLập Thạch",tdp vinh thinh ttlap thach,,,MISSING,DS_Dia_chi_van_phong_FTEL_toan_quoc_upd_Foxeco.csv,76,be32c72f2b34aeabdcad21a26636d2473de1079ef5f5d35a9b7cc2a0e0a9525b,t,2026-07-23 07:41:34.052246+00,2026-07-23 07:41:34.052246+00,vpc tdp vinh thinh ttlap thach,\N,\N,VPC,\N,FTELBUTBB,KINH_DOANH,"VPC TDP Vĩnh Thịnh,TTLập Thạch",VPC|tdp vinh thinh ttlap thach,"[{""row"": 76, ""section"": ""KINH_DOANH"", ""raw_label"": ""VPC TDP Vĩnh Thịnh,TTLập Thạch""}]","[""TRUNCATED_30""]"
8df9e96f-e49b-5c12-ba7f-d68042e3cf61,"170 Cao Thắng, P. Yên Ninh",170 cao thang p yen ninh,20.1867907,105.9514656,MISSING,DS_Dia_chi_van_phong_FTEL_toan_quoc_upd_Foxeco.csv,78,be32c72f2b34aeabdcad21a26636d2473de1079ef5f5d35a9b7cc2a0e0a9525b,t,2026-07-23 07:41:34.052246+00,2026-07-23 07:41:34.052246+00,ybi 170 cao thang p yen ninh,\N,\N,YBI,\N,FTELBUTBB,KINH_DOANH,"YBI 170 Cao Thắng, P. Yên Ninh",YBI|170 cao thang p yen ninh,"[{""row"": 78, ""section"": ""KINH_DOANH"", ""raw_label"": ""YBI 170 Cao Thắng, P. Yên Ninh""}]","[""TRUNCATED_30""]"
db209161-3859-5bd1-94ba-fe22e5b6a6ff,"176 Tuệ Tĩnh, Mậu A",176 tue tinh mau a,21.8804167,104.6805581,MISSING,DS_Dia_chi_van_phong_FTEL_toan_quoc_upd_Foxeco.csv,79,be32c72f2b34aeabdcad21a26636d2473de1079ef5f5d35a9b7cc2a0e0a9525b,t,2026-07-23 07:41:34.052246+00,2026-07-23 07:41:34.052246+00,ybi 176 tue tinh mau a,\N,\N,YBI,\N,FTELBUTBB,KINH_DOANH,"YBI 176 Tuệ Tĩnh, Mậu A",YBI|176 tue tinh mau a,"[{""row"": 79, ""section"": ""KINH_DOANH"", ""raw_label"": ""YBI 176 Tuệ Tĩnh, Mậu A""}]",[]
b222143d-9545-514f-8925-2b7ff1ed5042,"21AHoàng Liên Sơn,Nghĩa Lộ",21ahoang lien son nghia lo,21.6114655,104.5061119,MISSING,DS_Dia_chi_van_phong_FTEL_toan_quoc_upd_Foxeco.csv,80,be32c72f2b34aeabdcad21a26636d2473de1079ef5f5d35a9b7cc2a0e0a9525b,t,2026-07-23 07:41:34.052246+00,2026-07-23 07:41:34.052246+00,ybi 21ahoang lien son nghia lo,\N,\N,YBI,\N,FTELBUTBB,KINH_DOANH,"YBI 21AHoàng Liên Sơn,Nghĩa Lộ",YBI|21ahoang lien son nghia lo,"[{""row"": 80, ""section"": ""KINH_DOANH"", ""raw_label"": ""YBI 21AHoàng Liên Sơn,Nghĩa Lộ""}]","[""TRUNCATED_30""]"
f49777c2-65ee-582b-ad28-2d7f505a314c,Mê Linh Plaza,me linh plaza,21.1867213,105.7828376,MISSING,DS_Dia_chi_van_phong_FTEL_toan_quoc_upd_Foxeco.csv,81,be32c72f2b34aeabdcad21a26636d2473de1079ef5f5d35a9b7cc2a0e0a9525b,t,2026-07-23 07:41:34.052246+00,2026-07-23 07:41:34.052246+00,ybi me linh plaza,\N,\N,YBI,\N,FTELBUTBB,KINH_DOANH,YBI Mê Linh Plaza,YBI|me linh plaza,"[{""row"": 81, ""section"": ""KINH_DOANH"", ""raw_label"": ""YBI Mê Linh Plaza""}]",[]
eb6c4716-1bed-575e-83a2-09f8ef0ff32d,"584 Võ Nguyên Giáp, TP DBP",584 vo nguyen giap tp dbp,21.4037091,103.0278605,MISSING,DS_Dia_chi_van_phong_FTEL_toan_quoc_upd_Foxeco.csv,84,be32c72f2b34aeabdcad21a26636d2473de1079ef5f5d35a9b7cc2a0e0a9525b,t,2026-07-23 07:41:34.052246+00,2026-07-23 07:41:34.052246+00,dbn 584 vo nguyen giap tp dbp,\N,\N,DBN,\N,FTELBUDBB,KINH_DOANH,"DBN 584 Võ Nguyên Giáp, TP DBP",DBN|584 vo nguyen giap tp dbp,"[{""row"": 84, ""section"": ""KINH_DOANH"", ""raw_label"": ""DBN 584 Võ Nguyên Giáp, TP DBP""}]","[""TRUNCATED_30""]"
0eee5b1c-142e-5826-bb17-eee763604939,132 Đường Trần Hưng Đạo,132 duong tran hung dao,9.9006122,105.6746014,MISSING,DS_Dia_chi_van_phong_FTEL_toan_quoc_upd_Foxeco.csv,86,be32c72f2b34aeabdcad21a26636d2473de1079ef5f5d35a9b7cc2a0e0a9525b,t,2026-07-23 07:41:34.052246+00,2026-07-23 07:41:34.052246+00,hnm 132 duong tran hung dao,\N,\N,HNM,\N,FTELBUDBB,KINH_DOANH,HNM 132 Đường Trần Hưng Đạo,HNM|132 duong tran hung dao,"[{""row"": 86, ""section"": ""KINH_DOANH"", ""raw_label"": ""HNM 132 Đường Trần Hưng Đạo""}]",[]
39bdaa40-fa33-5cc0-a421-893396499b7b,258 Nguyễn Hữu Tiến,258 nguyen huu tien,10.8116884,106.6243962,MISSING,DS_Dia_chi_van_phong_FTEL_toan_quoc_upd_Foxeco.csv,87,be32c72f2b34aeabdcad21a26636d2473de1079ef5f5d35a9b7cc2a0e0a9525b,t,2026-07-23 07:41:34.052246+00,2026-07-23 07:41:34.052246+00,hnm 258 nguyen huu tien,\N,\N,HNM,\N,FTELBUDBB,KINH_DOANH,HNM 258 Nguyễn Hữu Tiến,HNM|258 nguyen huu tien,"[{""row"": 87, ""section"": ""KINH_DOANH"", ""raw_label"": ""HNM 258 Nguyễn Hữu Tiến""}]",[]
37b792c1-14e4-56bd-9faa-e4869710f187,"PG02-05 Vincom, Châu Cầu",pg02 05 vincom chau cau,,,MISSING,DS_Dia_chi_van_phong_FTEL_toan_quoc_upd_Foxeco.csv,88,be32c72f2b34aeabdcad21a26636d2473de1079ef5f5d35a9b7cc2a0e0a9525b,t,2026-07-23 07:41:34.052246+00,2026-07-23 07:41:34.052246+00,hnm pg02 05 vincom chau cau,\N,\N,HNM,\N,FTELBUDBB,KINH_DOANH,"HNM PG02-05 Vincom, Châu Cầu",HNM|pg02 05 vincom chau cau,"[{""row"": 88, ""section"": ""KINH_DOANH"", ""raw_label"": ""HNM PG02-05 Vincom, Châu Cầu""}]",[]
be2aad62-2b06-5c02-89a9-c6bd71623780,"TT Vĩnh Trụ, Lý Nhân",tt vinh tru ly nhan,10.222845,105.398021,MISSING,DS_Dia_chi_van_phong_FTEL_toan_quoc_upd_Foxeco.csv,89,be32c72f2b34aeabdcad21a26636d2473de1079ef5f5d35a9b7cc2a0e0a9525b,t,2026-07-23 07:41:34.052246+00,2026-07-23 07:41:34.052246+00,hnm tt vinh tru ly nhan,\N,\N,HNM,\N,FTELBUDBB,KINH_DOANH,"HNM TT Vĩnh Trụ, Lý Nhân",HNM|tt vinh tru ly nhan,"[{""row"": 89, ""section"": ""KINH_DOANH"", ""raw_label"": ""HNM TT Vĩnh Trụ, Lý Nhân""}]",[]
db014cee-803e-59e7-a963-79d5c17a7040,"115 Nguyễn Biểu, Nam Hà",115 nguyen bieu nam ha,16.8191755,107.1202397,MISSING,DS_Dia_chi_van_phong_FTEL_toan_quoc_upd_Foxeco.csv,91,be32c72f2b34aeabdcad21a26636d2473de1079ef5f5d35a9b7cc2a0e0a9525b,t,2026-07-23 07:41:34.052246+00,2026-07-23 07:41:34.052246+00,hth 115 nguyen bieu nam ha,\N,\N,HTH,\N,FTELBUDBB,KINH_DOANH,"HTH 115 Nguyễn Biểu, Nam Hà",HTH|115 nguyen bieu nam ha,"[{""row"": 91, ""section"": ""KINH_DOANH"", ""raw_label"": ""HTH 115 Nguyễn Biểu, Nam Hà""}]",[]
35f5a227-a888-5c2e-af2c-58a2938e95c6,"25 Trần Phú,Hồng Lĩnh",25 tran phu hong linh,18.5317633,105.6864424,MISSING,DS_Dia_chi_van_phong_FTEL_toan_quoc_upd_Foxeco.csv,92,be32c72f2b34aeabdcad21a26636d2473de1079ef5f5d35a9b7cc2a0e0a9525b,t,2026-07-23 07:41:34.052246+00,2026-07-23 07:41:34.052246+00,hth 25 tran phu hong linh,\N,\N,HTH,\N,FTELBUDBB,KINH_DOANH,"HTH 25 Trần Phú,Hồng Lĩnh",HTH|25 tran phu hong linh,"[{""row"": 92, ""section"": ""KINH_DOANH"", ""raw_label"": ""HTH 25 Trần Phú,Hồng Lĩnh""}]",[]
5c2f973e-4722-5e2e-a73d-afbcf9fd8b11,"TT Nghèn, Can Lộc",tt nghen can loc,18.4569827,105.7741089,MISSING,DS_Dia_chi_van_phong_FTEL_toan_quoc_upd_Foxeco.csv,93,be32c72f2b34aeabdcad21a26636d2473de1079ef5f5d35a9b7cc2a0e0a9525b,t,2026-07-23 07:41:34.052246+00,2026-07-23 07:41:34.052246+00,hth tt nghen can loc,\N,\N,HTH,\N,FTELBUDBB,KINH_DOANH,"HTH TT Nghèn, Can Lộc",HTH|tt nghen can loc,"[{""row"": 93, ""section"": ""KINH_DOANH"", ""raw_label"": ""HTH TT Nghèn, Can Lộc""}]",[]
15074e86-5e9b-50b4-9e2f-145b6c7a944f,"Xóm Thọ Xuân, TX Kỳ Anh",xom tho xuan tx ky anh,21.70613,105.19934,MISSING,DS_Dia_chi_van_phong_FTEL_toan_quoc_upd_Foxeco.csv,94,be32c72f2b34aeabdcad21a26636d2473de1079ef5f5d35a9b7cc2a0e0a9525b,t,2026-07-23 07:41:34.052246+00,2026-07-23 07:41:34.052246+00,hth xom tho xuan tx ky anh,\N,\N,HTH,\N,FTELBUDBB,KINH_DOANH,"HTH Xóm Thọ Xuân, TX Kỳ Anh",HTH|xom tho xuan tx ky anh,"[{""row"": 94, ""section"": ""KINH_DOANH"", ""raw_label"": ""HTH Xóm Thọ Xuân, TX Kỳ Anh""}]",[]
f2195877-fa93-52d9-8c03-2bbf5aebe7f1,"434 Nguyễn Trãi, Tiên Lữ",434 nguyen trai tien lu,10.378959,104.484311,MISSING,DS_Dia_chi_van_phong_FTEL_toan_quoc_upd_Foxeco.csv,96,be32c72f2b34aeabdcad21a26636d2473de1079ef5f5d35a9b7cc2a0e0a9525b,t,2026-07-23 07:41:34.052246+00,2026-07-23 07:41:34.052246+00,hyn 434 nguyen trai tien lu,\N,\N,HYN,\N,FTELBUDBB,KINH_DOANH,"HYN 434 Nguyễn Trãi, Tiên Lữ",HYN|434 nguyen trai tien lu,"[{""row"": 96, ""section"": ""KINH_DOANH"", ""raw_label"": ""HYN 434 Nguyễn Trãi, Tiên Lữ""}]",[]
1a6ca37e-b824-5ca8-8b92-49e0ae22cac0,"Hồng Tiến,Khoái Châu",hong tien khoai chau,20.823902,105.945621,MISSING,DS_Dia_chi_van_phong_FTEL_toan_quoc_upd_Foxeco.csv,97,be32c72f2b34aeabdcad21a26636d2473de1079ef5f5d35a9b7cc2a0e0a9525b,t,2026-07-23 07:41:34.052246+00,2026-07-23 07:41:34.052246+00,hyn hong tien khoai chau,\N,\N,HYN,\N,FTELBUDBB,KINH_DOANH,"HYN Hồng Tiến,Khoái Châu",HYN|hong tien khoai chau,"[{""row"": 97, ""section"": ""KINH_DOANH"", ""raw_label"": ""HYN Hồng Tiến,Khoái Châu""}]",[]
09cf796c-1ca6-55ef-9a38-3af01377d7fc,"Ngõ 2, Phố Nối, TX Mỹ Hào",ngo 2 pho noi tx my hao,20.918433,106.108025,MISSING,DS_Dia_chi_van_phong_FTEL_toan_quoc_upd_Foxeco.csv,98,be32c72f2b34aeabdcad21a26636d2473de1079ef5f5d35a9b7cc2a0e0a9525b,t,2026-07-23 07:41:34.052246+00,2026-07-23 07:41:34.052246+00,hyn ngo 2 pho noi tx my hao,\N,\N,HYN,\N,FTELBUDBB,KINH_DOANH,"HYN Ngõ 2, Phố Nối, TX Mỹ Hào",HYN|ngo 2 pho noi tx my hao,"[{""row"": 98, ""section"": ""KINH_DOANH"", ""raw_label"": ""HYN Ngõ 2, Phố Nối, TX Mỹ Hào""}]",[]
be73a0aa-1e83-5e61-831a-a713c42b498e,"Số 12,QL 5A Phố Nối,Mỹ Hào",so 12 ql 5a pho noi my hao,38.931213,-74.931543,MISSING,DS_Dia_chi_van_phong_FTEL_toan_quoc_upd_Foxeco.csv,99,be32c72f2b34aeabdcad21a26636d2473de1079ef5f5d35a9b7cc2a0e0a9525b,t,2026-07-23 07:41:34.052246+00,2026-07-23 07:41:34.052246+00,hyn so 12 ql 5a pho noi my hao,\N,\N,HYN,\N,FTELBUDBB,KINH_DOANH,"HYN Số 12,QL 5A Phố Nối,Mỹ Hào",HYN|so 12 ql 5a pho noi my hao,"[{""row"": 99, ""section"": ""KINH_DOANH"", ""raw_label"": ""HYN Số 12,QL 5A Phố Nối,Mỹ Hào""}]","[""TRUNCATED_30""]"
49e2240b-7053-5df9-9c8f-150c5485bd6c,Số 401 TT Văn Giang,so 401 tt van giang,20.933332,105.952027,MISSING,DS_Dia_chi_van_phong_FTEL_toan_quoc_upd_Foxeco.csv,100,be32c72f2b34aeabdcad21a26636d2473de1079ef5f5d35a9b7cc2a0e0a9525b,t,2026-07-23 07:41:34.052246+00,2026-07-23 07:41:34.052246+00,hyn so 401 tt van giang,\N,\N,HYN,\N,FTELBUDBB,KINH_DOANH,HYN Số 401 TT Văn Giang,HYN|so 401 tt van giang,"[{""row"": 100, ""section"": ""KINH_DOANH"", ""raw_label"": ""HYN Số 401 TT Văn Giang""}]",[]
7f4c38be-e999-5fcb-bf4a-00c0bc6a6296,"Số 88, Tuệ Tĩnh, Hiến Nam",so 88 tue tinh hien nam,18.526114,105.708421,MISSING,DS_Dia_chi_van_phong_FTEL_toan_quoc_upd_Foxeco.csv,101,be32c72f2b34aeabdcad21a26636d2473de1079ef5f5d35a9b7cc2a0e0a9525b,t,2026-07-23 07:41:34.052246+00,2026-07-23 07:41:34.052246+00,hyn so 88 tue tinh hien nam,\N,\N,HYN,\N,FTELBUDBB,KINH_DOANH,"HYN Số 88, Tuệ Tĩnh, Hiến Nam",HYN|so 88 tue tinh hien nam,"[{""row"": 101, ""section"": ""KINH_DOANH"", ""raw_label"": ""HYN Số 88, Tuệ Tĩnh, Hiến Nam""}]",[]
99a791a4-82b9-513e-964f-cef7e2cbde6b,"TTTM Như Quỳnh, Văn Lâm",tttm nhu quynh van lam,20.988798,105.976007,MISSING,DS_Dia_chi_van_phong_FTEL_toan_quoc_upd_Foxeco.csv,102,be32c72f2b34aeabdcad21a26636d2473de1079ef5f5d35a9b7cc2a0e0a9525b,t,2026-07-23 07:41:34.052246+00,2026-07-23 07:41:34.052246+00,hyn tttm nhu quynh van lam,\N,\N,HYN,\N,FTELBUDBB,KINH_DOANH,"HYN TTTM Như Quỳnh, Văn Lâm",HYN|tttm nhu quynh van lam,"[{""row"": 102, ""section"": ""KINH_DOANH"", ""raw_label"": ""HYN TTTM Như Quỳnh, Văn Lâm""}]",[]
69f1ea31-b1ec-5bc8-94c0-ff1bbb5647ca,Thị trấn Ân Thi,thi tran an thi,10.4438463,105.3879118,MISSING,DS_Dia_chi_van_phong_FTEL_toan_quoc_upd_Foxeco.csv,103,be32c72f2b34aeabdcad21a26636d2473de1079ef5f5d35a9b7cc2a0e0a9525b,t,2026-07-23 07:41:34.052246+00,2026-07-23 07:41:34.052246+00,hyn thi tran an thi,\N,\N,HYN,\N,FTELBUDBB,KINH_DOANH,HYN Thị trấn Ân Thi,HYN|thi tran an thi,"[{""row"": 103, ""section"": ""KINH_DOANH"", ""raw_label"": ""HYN Thị trấn Ân Thi""}]",[]
37306821-dda2-5b51-af9e-a77e9a22c68c,"134 Khối Ba Hà, Nam Đàn",134 khoi ba ha nam dan,,,MISSING,DS_Dia_chi_van_phong_FTEL_toan_quoc_upd_Foxeco.csv,105,be32c72f2b34aeabdcad21a26636d2473de1079ef5f5d35a9b7cc2a0e0a9525b,t,2026-07-23 07:41:34.052246+00,2026-07-23 07:41:34.052246+00,nan 134 khoi ba ha nam dan,\N,\N,NAN,\N,FTELBUDBB,KINH_DOANH,"NAN 134 Khối Ba Hà, Nam Đàn",NAN|134 khoi ba ha nam dan,"[{""row"": 105, ""section"": ""KINH_DOANH"", ""raw_label"": ""NAN 134 Khối Ba Hà, Nam Đàn""}]",[]
48791cf2-2ca0-557d-9847-c22b87999827,Đông Sơn Đô Lương,dong son do luong,19.06897,105.18926,MISSING,DS_Dia_chi_van_phong_FTEL_toan_quoc_upd_Foxeco.csv,106,be32c72f2b34aeabdcad21a26636d2473de1079ef5f5d35a9b7cc2a0e0a9525b,t,2026-07-23 07:41:34.052246+00,2026-07-23 07:41:34.052246+00,nan dong son do luong,\N,\N,NAN,\N,FTELBUDBB,KINH_DOANH,NAN Đông Sơn Đô Lương,NAN|dong son do luong,"[{""row"": 106, ""section"": ""KINH_DOANH"", ""raw_label"": ""NAN Đông Sơn Đô Lương""}]",[]
95e8a7bf-c8a7-5a63-9294-5f230ae83854,"Lý Thường Kiệt,Thái Hòa",ly thuong kiet thai hoa,19.3240756,105.4246905,MISSING,DS_Dia_chi_van_phong_FTEL_toan_quoc_upd_Foxeco.csv,107,be32c72f2b34aeabdcad21a26636d2473de1079ef5f5d35a9b7cc2a0e0a9525b,t,2026-07-23 07:41:34.052246+00,2026-07-23 07:41:34.052246+00,nan ly thuong kiet thai hoa,\N,\N,NAN,\N,FTELBUDBB,KINH_DOANH,"NAN Lý Thường Kiệt,Thái Hòa",NAN|ly thuong kiet thai hoa,"[{""row"": 107, ""section"": ""KINH_DOANH"", ""raw_label"": ""NAN Lý Thường Kiệt,Thái Hòa""}]",[]
e626147e-e3f8-559f-b961-374952bd43b5,"NCQ,Thu Thủy, Cửa Lò",ncq thu thuy cua lo,,,MISSING,DS_Dia_chi_van_phong_FTEL_toan_quoc_upd_Foxeco.csv,108,be32c72f2b34aeabdcad21a26636d2473de1079ef5f5d35a9b7cc2a0e0a9525b,t,2026-07-23 07:41:34.052246+00,2026-07-23 07:41:34.052246+00,nan ncq thu thuy cua lo,\N,\N,NAN,\N,FTELBUDBB,KINH_DOANH,"NAN NCQ,Thu Thủy, Cửa Lò",NAN|ncq thu thuy cua lo,"[{""row"": 108, ""section"": ""KINH_DOANH"", ""raw_label"": ""NAN NCQ,Thu Thủy, Cửa Lò""}, {""row"": 20, ""section"": ""FTI_FPL"", ""raw_label"": ""NAN NCQ,Thu Thủy, Cửa Lò""}]",[]
b8e6be90-5cce-5ebe-9369-62c585cb27b0,"Quỳnh Thiện, Hoàng Mai",quynh thien hoang mai,19.2741319,105.7203062,MISSING,DS_Dia_chi_van_phong_FTEL_toan_quoc_upd_Foxeco.csv,109,be32c72f2b34aeabdcad21a26636d2473de1079ef5f5d35a9b7cc2a0e0a9525b,t,2026-07-23 07:41:34.052246+00,2026-07-23 07:41:34.052246+00,nan quynh thien hoang mai,\N,\N,NAN,\N,FTELBUDBB,KINH_DOANH,"NAN Quỳnh Thiện, Hoàng Mai",NAN|quynh thien hoang mai,"[{""row"": 109, ""section"": ""KINH_DOANH"", ""raw_label"": ""NAN Quỳnh Thiện, Hoàng Mai""}]",[]
51264509-ccf7-5033-8613-78d7f87c3f8b,"Số 38,KĐT Trung Đô,TP.Vinh",so 38 kdt trung do tp vinh,-10.896556,-37.112822,MISSING,DS_Dia_chi_van_phong_FTEL_toan_quoc_upd_Foxeco.csv,110,be32c72f2b34aeabdcad21a26636d2473de1079ef5f5d35a9b7cc2a0e0a9525b,t,2026-07-23 07:41:34.052246+00,2026-07-23 07:41:34.052246+00,nan so 38 kdt trung do tp vinh,\N,\N,NAN,\N,FTELBUDBB,KINH_DOANH,"NAN Số 38,KĐT Trung Đô,TP.Vinh",NAN|so 38 kdt trung do tp vinh,"[{""row"": 110, ""section"": ""KINH_DOANH"", ""raw_label"": ""NAN Số 38,KĐT Trung Đô,TP.Vinh""}]","[""TRUNCATED_30""]"
d2f73f5f-084b-5bad-9fe9-c3efa94e94d1,"Xóm 2,Diễn Thành,Diễn Châu",xom 2 dien thanh dien chau,11.2651082,106.0686774,MISSING,DS_Dia_chi_van_phong_FTEL_toan_quoc_upd_Foxeco.csv,111,be32c72f2b34aeabdcad21a26636d2473de1079ef5f5d35a9b7cc2a0e0a9525b,t,2026-07-23 07:41:34.052246+00,2026-07-23 07:41:34.052246+00,nan xom 2 dien thanh dien chau,\N,\N,NAN,\N,FTELBUDBB,KINH_DOANH,"NAN Xóm 2,Diễn Thành,Diễn Châu",NAN|xom 2 dien thanh dien chau,"[{""row"": 111, ""section"": ""KINH_DOANH"", ""raw_label"": ""NAN Xóm 2,Diễn Thành,Diễn Châu""}]","[""TRUNCATED_30""]"
e5620fcc-fda9-5c06-bd02-5871c41a95bf,"195 Lê Đại Hành, Ninh Bình",195 le dai hanh ninh binh,20.2572603,105.9804487,MISSING,DS_Dia_chi_van_phong_FTEL_toan_quoc_upd_Foxeco.csv,113,be32c72f2b34aeabdcad21a26636d2473de1079ef5f5d35a9b7cc2a0e0a9525b,t,2026-07-23 07:41:34.052246+00,2026-07-23 07:41:34.052246+00,nbh 195 le dai hanh ninh binh,\N,\N,NBH,\N,FTELBUDBB,KINH_DOANH,"NBH 195 Lê Đại Hành, Ninh Bình",NBH|195 le dai hanh ninh binh,"[{""row"": 113, ""section"": ""KINH_DOANH"", ""raw_label"": ""NBH 195 Lê Đại Hành, Ninh Bình""}]","[""TRUNCATED_30""]"
9e5d52de-100f-50e9-8b37-b1acf0128028,"248 Lê ThánhTông,Yên Khánh",248 le thanhtong yen khanh,,,MISSING,DS_Dia_chi_van_phong_FTEL_toan_quoc_upd_Foxeco.csv,114,be32c72f2b34aeabdcad21a26636d2473de1079ef5f5d35a9b7cc2a0e0a9525b,t,2026-07-23 07:41:34.052246+00,2026-07-23 07:41:34.052246+00,nbh 248 le thanhtong yen khanh,\N,\N,NBH,\N,FTELBUDBB,KINH_DOANH,"NBH 248 Lê ThánhTông,Yên Khánh",NBH|248 le thanhtong yen khanh,"[{""row"": 114, ""section"": ""KINH_DOANH"", ""raw_label"": ""NBH 248 Lê ThánhTông,Yên Khánh""}]","[""TRUNCATED_30""]"
d1faac69-f8d5-5453-bcd9-9167f1fb4e71,"Nho Quan, Ninh Bình",nho quan ninh binh,20.3115449,105.7485879,MISSING,DS_Dia_chi_van_phong_FTEL_toan_quoc_upd_Foxeco.csv,115,be32c72f2b34aeabdcad21a26636d2473de1079ef5f5d35a9b7cc2a0e0a9525b,t,2026-07-23 07:41:34.052246+00,2026-07-23 07:41:34.052246+00,nbh nho quan ninh binh,\N,\N,NBH,\N,FTELBUDBB,KINH_DOANH,"NBH Nho Quan, Ninh Bình",NBH|nho quan ninh binh,"[{""row"": 115, ""section"": ""KINH_DOANH"", ""raw_label"": ""NBH Nho Quan, Ninh Bình""}]",[]
1ff83df4-4fd8-5682-87b5-aa25e918aa42,TX Tam Điệp,tx tam diep,,,MISSING,DS_Dia_chi_van_phong_FTEL_toan_quoc_upd_Foxeco.csv,116,be32c72f2b34aeabdcad21a26636d2473de1079ef5f5d35a9b7cc2a0e0a9525b,t,2026-07-23 07:41:34.052246+00,2026-07-23 07:41:34.052246+00,nbh tx tam diep,\N,\N,NBH,\N,FTELBUDBB,KINH_DOANH,NBH TX Tam Điệp,NBH|tx tam diep,"[{""row"": 116, ""section"": ""KINH_DOANH"", ""raw_label"": ""NBH TX Tam Điệp""}]",[]
7a868e79-e805-511f-a143-e8ec414a2cdc,"Xóm 11,xã Q.Thiện, Kim Sơn",xom 11 xa q thien kim son,21.81602,105.16814,MISSING,DS_Dia_chi_van_phong_FTEL_toan_quoc_upd_Foxeco.csv,117,be32c72f2b34aeabdcad21a26636d2473de1079ef5f5d35a9b7cc2a0e0a9525b,t,2026-07-23 07:41:34.052246+00,2026-07-23 07:41:34.052246+00,nbh xom 11 xa q thien kim son,\N,\N,NBH,\N,FTELBUDBB,KINH_DOANH,"NBH Xóm 11,xã Q.Thiện, Kim Sơn",NBH|xom 11 xa q thien kim son,"[{""row"": 117, ""section"": ""KINH_DOANH"", ""raw_label"": ""NBH Xóm 11,xã Q.Thiện, Kim Sơn""}]","[""TRUNCATED_30""]"
fc9f8cc2-cda4-5474-a53f-fcc36d3aaca7,"350 Tổ 18, TT Xuân Trường",350 to 18 tt xuan truong,20.291735,106.33672,MISSING,DS_Dia_chi_van_phong_FTEL_toan_quoc_upd_Foxeco.csv,119,be32c72f2b34aeabdcad21a26636d2473de1079ef5f5d35a9b7cc2a0e0a9525b,t,2026-07-23 07:41:34.052246+00,2026-07-23 07:41:34.052246+00,ndh 350 to 18 tt xuan truong,\N,\N,NDH,\N,FTELBUDBB,KINH_DOANH,"NDH 350 Tổ 18, TT Xuân Trường",NDH|350 to 18 tt xuan truong,"[{""row"": 119, ""section"": ""KINH_DOANH"", ""raw_label"": ""NDH 350 Tổ 18, TT Xuân Trường""}]",[]
da8efb99-d26b-5f54-b257-c888d676777c,"94khu 1,TTYên Định,Hải Hậu",94khu 1 ttyen dinh hai hau,-3.137629,37.292106,MISSING,DS_Dia_chi_van_phong_FTEL_toan_quoc_upd_Foxeco.csv,120,be32c72f2b34aeabdcad21a26636d2473de1079ef5f5d35a9b7cc2a0e0a9525b,t,2026-07-23 07:41:34.052246+00,2026-07-23 07:41:34.052246+00,ndh 94khu 1 ttyen dinh hai hau,\N,\N,NDH,\N,FTELBUDBB,KINH_DOANH,"NDH 94khu 1,TTYên Định,Hải Hậu",NDH|94khu 1 ttyen dinh hai hau,"[{""row"": 120, ""section"": ""KINH_DOANH"", ""raw_label"": ""NDH 94khu 1,TTYên Định,Hải Hậu""}]","[""TRUNCATED_30""]"
b356abd7-6c10-506f-860f-b2b2cb158495,Giao Thủy,giao thuy,20.2848862,106.4421472,MISSING,DS_Dia_chi_van_phong_FTEL_toan_quoc_upd_Foxeco.csv,121,be32c72f2b34aeabdcad21a26636d2473de1079ef5f5d35a9b7cc2a0e0a9525b,t,2026-07-23 07:41:34.052246+00,2026-07-23 07:41:34.052246+00,ndh giao thuy,\N,\N,NDH,\N,FTELBUDBB,KINH_DOANH,NDH Giao Thủy,NDH|giao thuy,"[{""row"": 121, ""section"": ""KINH_DOANH"", ""raw_label"": ""NDH Giao Thủy""}]",[]
47b59f45-90be-50c4-b565-6432058121fe,"Phố Cầu,Nam Hùng, Nam Trực",pho cau nam hung nam truc,20.439458,106.15802,MISSING,DS_Dia_chi_van_phong_FTEL_toan_quoc_upd_Foxeco.csv,122,be32c72f2b34aeabdcad21a26636d2473de1079ef5f5d35a9b7cc2a0e0a9525b,t,2026-07-23 07:41:34.052246+00,2026-07-23 07:41:34.052246+00,ndh pho cau nam hung nam truc,\N,\N,NDH,\N,FTELBUDBB,KINH_DOANH,"NDH Phố Cầu,Nam Hùng, Nam Trực",NDH|pho cau nam hung nam truc,"[{""row"": 122, ""section"": ""KINH_DOANH"", ""raw_label"": ""NDH Phố Cầu,Nam Hùng, Nam Trực""}]","[""TRUNCATED_30""]"
454c9758-44fd-59b7-970a-3e8031e89502,"số 6 Đông A, Lộc Vượng",so 6 dong a loc vuong,10.910756,107.418931,MISSING,DS_Dia_chi_van_phong_FTEL_toan_quoc_upd_Foxeco.csv,123,be32c72f2b34aeabdcad21a26636d2473de1079ef5f5d35a9b7cc2a0e0a9525b,t,2026-07-23 07:41:34.052246+00,2026-07-23 07:41:34.052246+00,ndh so 6 dong a loc vuong,\N,\N,NDH,\N,FTELBUDBB,KINH_DOANH,"NDH số 6 Đông A, Lộc Vượng",NDH|so 6 dong a loc vuong,"[{""row"": 123, ""section"": ""KINH_DOANH"", ""raw_label"": ""NDH số 6 Đông A, Lộc Vượng""}]",[]
764e3e83-e329-593b-81e6-18726068c950,"TT Lâm, Ý Yên",tt lam y yen,20.3242427,106.0158246,MISSING,DS_Dia_chi_van_phong_FTEL_toan_quoc_upd_Foxeco.csv,124,be32c72f2b34aeabdcad21a26636d2473de1079ef5f5d35a9b7cc2a0e0a9525b,t,2026-07-23 07:41:34.052246+00,2026-07-23 07:41:34.052246+00,ndh tt lam y yen,\N,\N,NDH,\N,FTELBUDBB,KINH_DOANH,"NDH TT Lâm, Ý Yên",NDH|tt lam y yen,"[{""row"": 124, ""section"": ""KINH_DOANH"", ""raw_label"": ""NDH TT Lâm, Ý Yên""}]",[]
7f9eebba-e985-5882-bf2e-bfc08686f89d,08 Nguyễn Lương Bằng,08 nguyen luong bang,20.8247793,106.2244125,MISSING,DS_Dia_chi_van_phong_FTEL_toan_quoc_upd_Foxeco.csv,126,be32c72f2b34aeabdcad21a26636d2473de1079ef5f5d35a9b7cc2a0e0a9525b,t,2026-07-23 07:41:34.052246+00,2026-07-23 07:41:34.052246+00,sla 08 nguyen luong bang,\N,\N,SLA,\N,FTELBUDBB,KINH_DOANH,SLA 08 Nguyễn Lương Bằng,SLA|08 nguyen luong bang,"[{""row"": 126, ""section"": ""KINH_DOANH"", ""raw_label"": ""SLA 08 Nguyễn Lương Bằng""}]",[]
77466f21-0818-5a57-86b4-fa56fe2e3012,"21, Tiểu khu 4, Mộc Châu",21 tieu khu 4 moc chau,10.634453,107.372172,MISSING,DS_Dia_chi_van_phong_FTEL_toan_quoc_upd_Foxeco.csv,127,be32c72f2b34aeabdcad21a26636d2473de1079ef5f5d35a9b7cc2a0e0a9525b,t,2026-07-23 07:41:34.052246+00,2026-07-23 07:41:34.052246+00,sla 21 tieu khu 4 moc chau,\N,\N,SLA,\N,FTELBUDBB,KINH_DOANH,"SLA 21, Tiểu khu 4, Mộc Châu",SLA|21 tieu khu 4 moc chau,"[{""row"": 127, ""section"": ""KINH_DOANH"", ""raw_label"": ""SLA 21, Tiểu khu 4, Mộc Châu""}]",[]
63d60a9f-d1b9-5dbe-9e32-37ace5e30614,"41, Tiểu khu 2, Thuận Châu",41 tieu khu 2 thuan chau,22.665582,102.752978,MISSING,DS_Dia_chi_van_phong_FTEL_toan_quoc_upd_Foxeco.csv,128,be32c72f2b34aeabdcad21a26636d2473de1079ef5f5d35a9b7cc2a0e0a9525b,t,2026-07-23 07:41:34.052246+00,2026-07-23 07:41:34.052246+00,sla 41 tieu khu 2 thuan chau,\N,\N,SLA,\N,FTELBUDBB,KINH_DOANH,"SLA 41, Tiểu khu 2, Thuận Châu",SLA|41 tieu khu 2 thuan chau,"[{""row"": 128, ""section"": ""KINH_DOANH"", ""raw_label"": ""SLA 41, Tiểu khu 2, Thuận Châu""}]","[""TRUNCATED_30""]"
53fdfbc0-c12a-5e66-802a-85ff44331c2c,"123 Hùng Thắng,TT Tiền Hải",123 hung thang tt tien hai,20.96667,106.3,MISSING,DS_Dia_chi_van_phong_FTEL_toan_quoc_upd_Foxeco.csv,130,be32c72f2b34aeabdcad21a26636d2473de1079ef5f5d35a9b7cc2a0e0a9525b,t,2026-07-23 07:41:34.052246+00,2026-07-23 07:41:34.052246+00,tbh 123 hung thang tt tien hai,\N,\N,TBH,\N,FTELBUDBB,KINH_DOANH,"TBH 123 Hùng Thắng,TT Tiền Hải",TBH|123 hung thang tt tien hai,"[{""row"": 130, ""section"": ""KINH_DOANH"", ""raw_label"": ""TBH 123 Hùng Thắng,TT Tiền Hải""}]","[""TRUNCATED_30""]"
6363c2dc-c63e-585d-ac11-ccc02e95ee51,168 Nguyễn Thị Minh Khai,168 nguyen thi minh khai,10.7777434,106.6994808,MISSING,DS_Dia_chi_van_phong_FTEL_toan_quoc_upd_Foxeco.csv,131,be32c72f2b34aeabdcad21a26636d2473de1079ef5f5d35a9b7cc2a0e0a9525b,t,2026-07-23 07:41:34.052246+00,2026-07-23 07:41:34.052246+00,tbh 168 nguyen thi minh khai,\N,\N,TBH,\N,FTELBUDBB,KINH_DOANH,TBH 168 Nguyễn Thị Minh Khai,TBH|168 nguyen thi minh khai,"[{""row"": 131, ""section"": ""KINH_DOANH"", ""raw_label"": ""TBH 168 Nguyễn Thị Minh Khai""}]",[]
fa1736d3-8ef1-5d7d-bd4a-e2ee86cea701,"253, tổ 1, TT Đông Hưng",253 to 1 tt dong hung,20.421888,106.173485,MISSING,DS_Dia_chi_van_phong_FTEL_toan_quoc_upd_Foxeco.csv,132,be32c72f2b34aeabdcad21a26636d2473de1079ef5f5d35a9b7cc2a0e0a9525b,t,2026-07-23 07:41:34.052246+00,2026-07-23 07:41:34.052246+00,tbh 253 to 1 tt dong hung,\N,\N,TBH,\N,FTELBUDBB,KINH_DOANH,"TBH 253, tổ 1, TT Đông Hưng",TBH|253 to 1 tt dong hung,"[{""row"": 132, ""section"": ""KINH_DOANH"", ""raw_label"": ""TBH 253, tổ 1, TT Đông Hưng""}]",[]
373053bd-cf79-5755-bfa1-b480d354812d,"65 K6, Diêm Điền,Thái Thụy",65 k6 diem dien thai thuy,20.5651674,106.5673050,MISSING,DS_Dia_chi_van_phong_FTEL_toan_quoc_upd_Foxeco.csv,133,be32c72f2b34aeabdcad21a26636d2473de1079ef5f5d35a9b7cc2a0e0a9525b,t,2026-07-23 07:41:34.052246+00,2026-07-23 07:41:34.052246+00,tbh 65 k6 diem dien thai thuy,\N,\N,TBH,\N,FTELBUDBB,KINH_DOANH,"TBH 65 K6, Diêm Điền,Thái Thụy",TBH|65 k6 diem dien thai thuy,"[{""row"": 133, ""section"": ""KINH_DOANH"", ""raw_label"": ""TBH 65 K6, Diêm Điền,Thái Thụy""}]","[""TRUNCATED_30""]"
c932c882-eb6d-5306-b4eb-b6f9a41f6494,"04,05 Nguyễn Duy Hiệu",04 05 nguyen duy hieu,12.289046,109.199866,MISSING,DS_Dia_chi_van_phong_FTEL_toan_quoc_upd_Foxeco.csv,135,be32c72f2b34aeabdcad21a26636d2473de1079ef5f5d35a9b7cc2a0e0a9525b,t,2026-07-23 07:41:34.052246+00,2026-07-23 07:41:34.052246+00,tha 04 05 nguyen duy hieu,\N,\N,THA,\N,FTELBUDBB,KINH_DOANH,"THA 04,05 Nguyễn Duy Hiệu",THA|04 05 nguyen duy hieu,"[{""row"": 135, ""section"": ""KINH_DOANH"", ""raw_label"": ""THA 04,05 Nguyễn Duy Hiệu""}]",[]
4d6171e7-1cef-5719-a38f-0eafd69f094f,"114 Nguyễn Huệ,Bỉm Sơn",114 nguyen hue bim son,20.236241,105.969307,MISSING,DS_Dia_chi_van_phong_FTEL_toan_quoc_upd_Foxeco.csv,136,be32c72f2b34aeabdcad21a26636d2473de1079ef5f5d35a9b7cc2a0e0a9525b,t,2026-07-23 07:41:34.052246+00,2026-07-23 07:41:34.052246+00,tha 114 nguyen hue bim son,\N,\N,THA,\N,FTELBUDBB,KINH_DOANH,"THA 114 Nguyễn Huệ,Bỉm Sơn",THA|114 nguyen hue bim son,"[{""row"": 136, ""section"": ""KINH_DOANH"", ""raw_label"": ""THA 114 Nguyễn Huệ,Bỉm Sơn""}]",[]
0584ed38-6633-51db-aef9-73e0ed806ec3,"117NguyễnVăn Trỗi,Tĩnh Gia",117nguyenvan troi tinh gia,19.4521038,105.7694090,MISSING,DS_Dia_chi_van_phong_FTEL_toan_quoc_upd_Foxeco.csv,137,be32c72f2b34aeabdcad21a26636d2473de1079ef5f5d35a9b7cc2a0e0a9525b,t,2026-07-23 07:41:34.052246+00,2026-07-23 07:41:34.052246+00,tha 117nguyenvan troi tinh gia,\N,\N,THA,\N,FTELBUDBB,KINH_DOANH,"THA 117NguyễnVăn Trỗi,Tĩnh Gia",THA|117nguyenvan troi tinh gia,"[{""row"": 137, ""section"": ""KINH_DOANH"", ""raw_label"": ""THA 117NguyễnVăn Trỗi,Tĩnh Gia""}]","[""TRUNCATED_30""]"
3da373e6-5696-5951-907b-f2bcf31ce81c,227 TT Hậu Lộc,227 tt hau loc,10.2499382,105.6032203,MISSING,DS_Dia_chi_van_phong_FTEL_toan_quoc_upd_Foxeco.csv,138,be32c72f2b34aeabdcad21a26636d2473de1079ef5f5d35a9b7cc2a0e0a9525b,t,2026-07-23 07:41:34.052246+00,2026-07-23 07:41:34.052246+00,tha 227 tt hau loc,\N,\N,THA,\N,FTELBUDBB,KINH_DOANH,THA 227 TT Hậu Lộc,THA|227 tt hau loc,"[{""row"": 138, ""section"": ""KINH_DOANH"", ""raw_label"": ""THA 227 TT Hậu Lộc""}]",[]
443cdadb-1ac3-5d95-84f9-89f8a373d25b,"28 Lê Lợi, Trường Sơn",28 le loi truong son,19.7354473,105.8932074,MISSING,DS_Dia_chi_van_phong_FTEL_toan_quoc_upd_Foxeco.csv,139,be32c72f2b34aeabdcad21a26636d2473de1079ef5f5d35a9b7cc2a0e0a9525b,t,2026-07-23 07:41:34.052246+00,2026-07-23 07:41:34.052246+00,tha 28 le loi truong son,\N,\N,THA,\N,FTELBUDBB,KINH_DOANH,"THA 28 Lê Lợi, Trường Sơn",THA|28 le loi truong son,"[{""row"": 139, ""section"": ""KINH_DOANH"", ""raw_label"": ""THA 28 Lê Lợi, Trường Sơn""}]",[]
1bc08c23-e9af-5aff-b292-ba1eddccd433,"70, Đ.510,Vinh Sơn,Bút Sơn",70 d 510 vinh son but son,51.507982,5.491012,MISSING,DS_Dia_chi_van_phong_FTEL_toan_quoc_upd_Foxeco.csv,140,be32c72f2b34aeabdcad21a26636d2473de1079ef5f5d35a9b7cc2a0e0a9525b,t,2026-07-23 07:41:34.052246+00,2026-07-23 07:41:34.052246+00,tha 70 d 510 vinh son but son,\N,\N,THA,\N,FTELBUDBB,KINH_DOANH,"THA 70, Đ.510,Vinh Sơn,Bút Sơn",THA|70 d 510 vinh son but son,"[{""row"": 140, ""section"": ""KINH_DOANH"", ""raw_label"": ""THA 70, Đ.510,Vinh Sơn,Bút Sơn""}]","[""TRUNCATED_30""]"
417ab7d0-bf83-521b-9f06-1c1cdb02eb03,"Ngã 5 Soto, Quảng Xương",nga 5 soto quang xuong,19.72948,105.78273,MISSING,DS_Dia_chi_van_phong_FTEL_toan_quoc_upd_Foxeco.csv,141,be32c72f2b34aeabdcad21a26636d2473de1079ef5f5d35a9b7cc2a0e0a9525b,t,2026-07-23 07:41:34.052246+00,2026-07-23 07:41:34.052246+00,tha nga 5 soto quang xuong,\N,\N,THA,\N,FTELBUDBB,KINH_DOANH,"THA Ngã 5 Soto, Quảng Xương",THA|nga 5 soto quang xuong,"[{""row"": 141, ""section"": ""KINH_DOANH"", ""raw_label"": ""THA Ngã 5 Soto, Quảng Xương""}]",[]
6a7b41c1-12f5-5a49-971e-882237edd94f,TT Quán Lào Yên Định,tt quan lao yen dinh,19.9711917,105.6508879,MISSING,DS_Dia_chi_van_phong_FTEL_toan_quoc_upd_Foxeco.csv,142,be32c72f2b34aeabdcad21a26636d2473de1079ef5f5d35a9b7cc2a0e0a9525b,t,2026-07-23 07:41:34.052246+00,2026-07-23 07:41:34.052246+00,tha tt quan lao yen dinh,\N,\N,THA,\N,FTELBUDBB,KINH_DOANH,THA TT Quán Lào Yên Định,THA|tt quan lao yen dinh,"[{""row"": 142, ""section"": ""KINH_DOANH"", ""raw_label"": ""THA TT Quán Lào Yên Định""}]",[]
eaca4e57-f13e-5632-8c6e-82bf62556309,"TT. Thọ Xuân, Thọ Xuân",tt tho xuan tho xuan,21.5224627,107.9740898,MISSING,DS_Dia_chi_van_phong_FTEL_toan_quoc_upd_Foxeco.csv,143,be32c72f2b34aeabdcad21a26636d2473de1079ef5f5d35a9b7cc2a0e0a9525b,t,2026-07-23 07:41:34.052246+00,2026-07-23 07:41:34.052246+00,tha tt tho xuan tho xuan,\N,\N,THA,\N,FTELBUDBB,KINH_DOANH,"THA TT. Thọ Xuân, Thọ Xuân",THA|tt tho xuan tho xuan,"[{""row"": 143, ""section"": ""KINH_DOANH"", ""raw_label"": ""THA TT. Thọ Xuân, Thọ Xuân""}]",[]
5c7294fa-4e52-587a-a6d3-b7878728eaf0,"Triệu Quốc Đạt, Triệu Sơn",trieu quoc dat trieu son,19.8228347,105.6055782,MISSING,DS_Dia_chi_van_phong_FTEL_toan_quoc_upd_Foxeco.csv,144,be32c72f2b34aeabdcad21a26636d2473de1079ef5f5d35a9b7cc2a0e0a9525b,t,2026-07-23 07:41:34.052246+00,2026-07-23 07:41:34.052246+00,tha trieu quoc dat trieu son,\N,\N,THA,\N,FTELBUDBB,KINH_DOANH,"THA Triệu Quốc Đạt, Triệu Sơn",THA|trieu quoc dat trieu son,"[{""row"": 144, ""section"": ""KINH_DOANH"", ""raw_label"": ""THA Triệu Quốc Đạt, Triệu Sơn""}]",[]
2bdcdbf7-09d4-58b4-94e4-fd7c31c8cbc0,"xã Trung Chính, Nông Cống",xa trung chinh nong cong,19.7197744,105.7090675,MISSING,DS_Dia_chi_van_phong_FTEL_toan_quoc_upd_Foxeco.csv,145,be32c72f2b34aeabdcad21a26636d2473de1079ef5f5d35a9b7cc2a0e0a9525b,t,2026-07-23 07:41:34.052246+00,2026-07-23 07:41:34.052246+00,tha xa trung chinh nong cong,\N,\N,THA,\N,FTELBUDBB,KINH_DOANH,"THA xã Trung Chính, Nông Cống",THA|xa trung chinh nong cong,"[{""row"": 145, ""section"": ""KINH_DOANH"", ""raw_label"": ""THA xã Trung Chính, Nông Cống""}]",[]
928ca987-0ac6-554e-b436-78e8bde9b6c2,"34Trần Quốc Hoàn,Cầu Giấy",34tran quoc hoan cau giay,,,MISSING,DS_Dia_chi_van_phong_FTEL_toan_quoc_upd_Foxeco.csv,148,be32c72f2b34aeabdcad21a26636d2473de1079ef5f5d35a9b7cc2a0e0a9525b,t,2026-07-23 07:41:34.052246+00,2026-07-23 07:41:34.052246+00,hni 34tran quoc hoan cau giay,\N,\N,HNI,HN01,FTELBUHNI,KINH_DOANH,"HNI 34Trần Quốc Hoàn,Cầu Giấy",HNI|34tran quoc hoan cau giay,"[{""row"": 148, ""section"": ""KINH_DOANH"", ""raw_label"": ""HNI 34Trần Quốc Hoàn,Cầu Giấy""}]",[]
62f58801-680e-5a0a-a26a-e47f9303def5,"48,Vạn Bảo",48 van bao,21.0341503,105.8167043,MISSING,DS_Dia_chi_van_phong_FTEL_toan_quoc_upd_Foxeco.csv,149,be32c72f2b34aeabdcad21a26636d2473de1079ef5f5d35a9b7cc2a0e0a9525b,t,2026-07-23 07:41:34.052246+00,2026-07-23 07:41:34.052246+00,hni 48 van bao,\N,\N,HNI,HN01,FTELBUHNI,KINH_DOANH,"HNI 48,Vạn Bảo",HNI|48 van bao,"[{""row"": 149, ""section"": ""KINH_DOANH"", ""raw_label"": ""HNI 48,Vạn Bảo""}, {""row"": 196, ""section"": ""KINH_DOANH"", ""raw_label"": ""HNI 48,Vạn Bảo""}]",[]
1957ed8e-95a4-5dae-8eaf-cf135f507263,402 Xã Đàn,402 xa dan,21.0153634,105.8335100,MISSING,DS_Dia_chi_van_phong_FTEL_toan_quoc_upd_Foxeco.csv,151,be32c72f2b34aeabdcad21a26636d2473de1079ef5f5d35a9b7cc2a0e0a9525b,t,2026-07-23 07:41:34.052246+00,2026-07-23 07:41:34.052246+00,hni 402 xa dan,\N,\N,HNI,HN02,FTELBUHNI,KINH_DOANH,HNI 402 Xã Đàn,HNI|402 xa dan,"[{""row"": 151, ""section"": ""KINH_DOANH"", ""raw_label"": ""HNI 402 Xã Đàn""}]",[]
789d26a1-8554-50ba-bc39-c45bfb5fab3c,59 Nguyễn Công Trứ,59 nguyen cong tru,10.0136595,105.0773603,MISSING,DS_Dia_chi_van_phong_FTEL_toan_quoc_upd_Foxeco.csv,152,be32c72f2b34aeabdcad21a26636d2473de1079ef5f5d35a9b7cc2a0e0a9525b,t,2026-07-23 07:41:34.052246+00,2026-07-23 07:41:34.052246+00,hni 59 nguyen cong tru,\N,\N,HNI,HN02,FTELBUHNI,KINH_DOANH,HNI 59 Nguyễn Công Trứ,HNI|59 nguyen cong tru,"[{""row"": 152, ""section"": ""KINH_DOANH"", ""raw_label"": ""HNI 59 Nguyễn Công Trứ""}]",[]
3fda2822-38eb-5121-b147-c3c696f243b7,"Cổ Nhuế Bắc, Từ Liêm",co nhue bac tu liem,21.0527996,105.7809996,MISSING,DS_Dia_chi_van_phong_FTEL_toan_quoc_upd_Foxeco.csv,153,be32c72f2b34aeabdcad21a26636d2473de1079ef5f5d35a9b7cc2a0e0a9525b,t,2026-07-23 07:41:34.052246+00,2026-07-23 07:41:34.052246+00,hni co nhue bac tu liem,\N,\N,HNI,HN02,FTELBUHNI,KINH_DOANH,"HNI Cổ Nhuế Bắc, Từ Liêm",HNI|co nhue bac tu liem,"[{""row"": 153, ""section"": ""KINH_DOANH"", ""raw_label"": ""HNI Cổ Nhuế Bắc, Từ Liêm""}, {""row"": 167, ""section"": ""KINH_DOANH"", ""raw_label"": ""HNI Cổ Nhuế Bắc, Từ Liêm""}]",[]
c0945fd8-251c-5f59-8590-e0838dafca17,"Đầm Trấu, Bạch Đằng, HBT",dam trau bach dang hbt,10.75827,104.35935,MISSING,DS_Dia_chi_van_phong_FTEL_toan_quoc_upd_Foxeco.csv,154,be32c72f2b34aeabdcad21a26636d2473de1079ef5f5d35a9b7cc2a0e0a9525b,t,2026-07-23 07:41:34.052246+00,2026-07-23 07:41:34.052246+00,hni dam trau bach dang hbt,\N,\N,HNI,HN02,FTELBUHNI,KINH_DOANH,"HNI Đầm Trấu, Bạch Đằng, HBT",HNI|dam trau bach dang hbt,"[{""row"": 154, ""section"": ""KINH_DOANH"", ""raw_label"": ""HNI Đầm Trấu, Bạch Đằng, HBT""}]",[]
56b33170-896c-5d37-a5b0-8b81653754bc,154 Khuất Duy Tiến,154 khuat duy tien,20.4247733,106.1557673,MISSING,DS_Dia_chi_van_phong_FTEL_toan_quoc_upd_Foxeco.csv,156,be32c72f2b34aeabdcad21a26636d2473de1079ef5f5d35a9b7cc2a0e0a9525b,t,2026-07-23 07:41:34.052246+00,2026-07-23 07:41:34.052246+00,hni 154 khuat duy tien,\N,\N,HNI,HN03,FTELBUHNI,KINH_DOANH,HNI 154 Khuất Duy Tiến,HNI|154 khuat duy tien,"[{""row"": 156, ""section"": ""KINH_DOANH"", ""raw_label"": ""HNI 154 Khuất Duy Tiến""}]",[]
0abb150c-4f26-5627-8c25-fc121ef9474f,324 Nguyễn Huy Tưởng,324 nguyen huy tuong,13.7726467,109.2236920,MISSING,DS_Dia_chi_van_phong_FTEL_toan_quoc_upd_Foxeco.csv,157,be32c72f2b34aeabdcad21a26636d2473de1079ef5f5d35a9b7cc2a0e0a9525b,t,2026-07-23 07:41:34.052246+00,2026-07-23 07:41:34.052246+00,hni 324 nguyen huy tuong,\N,\N,HNI,HN03,FTELBUHNI,KINH_DOANH,HNI 324 Nguyễn Huy Tưởng,HNI|324 nguyen huy tuong,"[{""row"": 157, ""section"": ""KINH_DOANH"", ""raw_label"": ""HNI 324 Nguyễn Huy Tưởng""}]",[]
51bdef82-a7d2-595d-8b4c-a90b8f164d5c,"Bãi Sậy, Hà Đông",bai say ha dong,10.7545552,106.6684004,MISSING,DS_Dia_chi_van_phong_FTEL_toan_quoc_upd_Foxeco.csv,158,be32c72f2b34aeabdcad21a26636d2473de1079ef5f5d35a9b7cc2a0e0a9525b,t,2026-07-23 07:41:34.052246+00,2026-07-23 07:41:34.052246+00,hni bai say ha dong,\N,\N,HNI,HN03,FTELBUHNI,KINH_DOANH,"HNI Bãi Sậy, Hà Đông",HNI|bai say ha dong,"[{""row"": 158, ""section"": ""KINH_DOANH"", ""raw_label"": ""HNI Bãi Sậy, Hà Đông""}]",[]
6992b1b3-2452-555f-a8c0-80827a941198,"KĐT TheTerra AnHưng,HàĐông",kdt theterra anhung hadong,,,MISSING,DS_Dia_chi_van_phong_FTEL_toan_quoc_upd_Foxeco.csv,159,be32c72f2b34aeabdcad21a26636d2473de1079ef5f5d35a9b7cc2a0e0a9525b,t,2026-07-23 07:41:34.052246+00,2026-07-23 07:41:34.052246+00,hni kdt theterra anhung hadong,\N,\N,HNI,HN03,FTELBUHNI,KINH_DOANH,"HNI KĐT TheTerra AnHưng,HàĐông",HNI|kdt theterra anhung hadong,"[{""row"": 159, ""section"": ""KINH_DOANH"", ""raw_label"": ""HNI KĐT TheTerra AnHưng,HàĐông""}]","[""TRUNCATED_30""]"
20146ed5-5b53-58ce-b3ab-2ef2c6bcde9c,"959-961 Giải Phóng, H.Mai",959 961 giai phong h mai,,,MISSING,DS_Dia_chi_van_phong_FTEL_toan_quoc_upd_Foxeco.csv,161,be32c72f2b34aeabdcad21a26636d2473de1079ef5f5d35a9b7cc2a0e0a9525b,t,2026-07-23 07:41:34.052246+00,2026-07-23 07:41:34.052246+00,hni 959 961 giai phong h mai,\N,\N,HNI,HN04,FTELBUHNI,KINH_DOANH,"HNI 959-961 Giải Phóng, H.Mai",HNI|959 961 giai phong h mai,"[{""row"": 161, ""section"": ""KINH_DOANH"", ""raw_label"": ""HNI 959-961 Giải Phóng, H.Mai""}]",[]
1dccc36e-9610-50b5-8f28-5ea857da5e90,"Đền Lừ, Hoàng Mai",den lu hoang mai,20.9876059,105.8582184,MISSING,DS_Dia_chi_van_phong_FTEL_toan_quoc_upd_Foxeco.csv,162,be32c72f2b34aeabdcad21a26636d2473de1079ef5f5d35a9b7cc2a0e0a9525b,t,2026-07-23 07:41:34.052246+00,2026-07-23 07:41:34.052246+00,hni den lu hoang mai,\N,\N,HNI,HN04,FTELBUHNI,KINH_DOANH,"HNI Đền Lừ, Hoàng Mai",HNI|den lu hoang mai,"[{""row"": 162, ""section"": ""KINH_DOANH"", ""raw_label"": ""HNI Đền Lừ, Hoàng Mai""}]",[]
702df97c-9edf-598b-8273-cf4c635b2abf,Ngọc Hồi Thanh Trì,ngoc hoi thanh tri,20.9297847,105.8479501,MISSING,DS_Dia_chi_van_phong_FTEL_toan_quoc_upd_Foxeco.csv,163,be32c72f2b34aeabdcad21a26636d2473de1079ef5f5d35a9b7cc2a0e0a9525b,t,2026-07-23 07:41:34.052246+00,2026-07-23 07:41:34.052246+00,hni ngoc hoi thanh tri,\N,\N,HNI,HN04,FTELBUHNI,KINH_DOANH,HNI Ngọc Hồi Thanh Trì,HNI|ngoc hoi thanh tri,"[{""row"": 163, ""section"": ""KINH_DOANH"", ""raw_label"": ""HNI Ngọc Hồi Thanh Trì""}]",[]
c64717bd-5558-5a42-aefb-67599cc3b974,TT Phú Xuyên,tt phu xuyen,20.7376511,105.9134045,MISSING,DS_Dia_chi_van_phong_FTEL_toan_quoc_upd_Foxeco.csv,164,be32c72f2b34aeabdcad21a26636d2473de1079ef5f5d35a9b7cc2a0e0a9525b,t,2026-07-23 07:41:34.052246+00,2026-07-23 07:41:34.052246+00,hni tt phu xuyen,\N,\N,HNI,HN04,FTELBUHNI,KINH_DOANH,HNI TT Phú Xuyên,HNI|tt phu xuyen,"[{""row"": 164, ""section"": ""KINH_DOANH"", ""raw_label"": ""HNI TT Phú Xuyên""}]",[]
cef4d9b9-c00c-5850-b005-66ea23f26819,"Văn Bình, Thường Tín",van binh thuong tin,20.8803959,105.8622459,MISSING,DS_Dia_chi_van_phong_FTEL_toan_quoc_upd_Foxeco.csv,165,be32c72f2b34aeabdcad21a26636d2473de1079ef5f5d35a9b7cc2a0e0a9525b,t,2026-07-23 07:41:34.052246+00,2026-07-23 07:41:34.052246+00,hni van binh thuong tin,\N,\N,HNI,HN04,FTELBUHNI,KINH_DOANH,"HNI Văn Bình, Thường Tín",HNI|van binh thuong tin,"[{""row"": 165, ""section"": ""KINH_DOANH"", ""raw_label"": ""HNI Văn Bình, Thường Tín""}, {""row"": 179, ""section"": ""KINH_DOANH"", ""raw_label"": ""HNI Văn Bình, Thường Tín""}]",[]
427a4814-d755-5c18-926d-23602061edec,Hoài Đức,hoai duc,21.0228962,105.7035484,MISSING,DS_Dia_chi_van_phong_FTEL_toan_quoc_upd_Foxeco.csv,168,be32c72f2b34aeabdcad21a26636d2473de1079ef5f5d35a9b7cc2a0e0a9525b,t,2026-07-23 07:41:34.052246+00,2026-07-23 07:41:34.052246+00,hni hoai duc,\N,\N,HNI,HN05,FTELBUHNI,KINH_DOANH,HNI Hoài Đức,HNI|hoai duc,"[{""row"": 168, ""section"": ""KINH_DOANH"", ""raw_label"": ""HNI Hoài Đức""}]",[]
96444b75-f814-5481-9270-1cdafa0c3891,"KĐT mới Vân Canh, Sơn Đồng",kdt moi van canh son dong,20.95362,105.773896,MISSING,DS_Dia_chi_van_phong_FTEL_toan_quoc_upd_Foxeco.csv,169,be32c72f2b34aeabdcad21a26636d2473de1079ef5f5d35a9b7cc2a0e0a9525b,t,2026-07-23 07:41:34.052246+00,2026-07-23 07:41:34.052246+00,hni kdt moi van canh son dong,\N,\N,HNI,HN05,FTELBUHNI,KINH_DOANH,"HNI KĐT mới Vân Canh, Sơn Đồng",HNI|kdt moi van canh son dong,"[{""row"": 169, ""section"": ""KINH_DOANH"", ""raw_label"": ""HNI KĐT mới Vân Canh, Sơn Đồng""}]","[""TRUNCATED_30""]"
541fa6ad-30a0-5c80-abc0-0037a76c09fb,"Lô92,đường 23 KĐT Giao Lưu",lo92 duong 23 kdt giao luu,,,MISSING,DS_Dia_chi_van_phong_FTEL_toan_quoc_upd_Foxeco.csv,170,be32c72f2b34aeabdcad21a26636d2473de1079ef5f5d35a9b7cc2a0e0a9525b,t,2026-07-23 07:41:34.052246+00,2026-07-23 07:41:34.052246+00,hni lo92 duong 23 kdt giao luu,\N,\N,HNI,HN05,FTELBUHNI,KINH_DOANH,"HNI Lô92,đường 23 KĐT Giao Lưu",HNI|lo92 duong 23 kdt giao luu,"[{""row"": 170, ""section"": ""KINH_DOANH"", ""raw_label"": ""HNI Lô92,đường 23 KĐT Giao Lưu""}]","[""TRUNCATED_30""]"
3fa2d71a-b2f7-5c49-bb4e-df0ae66d7377,100 Quốc Oai,100 quoc oai,21.0082475,105.6472365,MISSING,DS_Dia_chi_van_phong_FTEL_toan_quoc_upd_Foxeco.csv,172,be32c72f2b34aeabdcad21a26636d2473de1079ef5f5d35a9b7cc2a0e0a9525b,t,2026-07-23 07:41:34.052246+00,2026-07-23 07:41:34.052246+00,hni 100 quoc oai,\N,\N,HNI,HN06,FTELBUHNI,KINH_DOANH,HNI 100 Quốc Oai,HNI|100 quoc oai,"[{""row"": 172, ""section"": ""KINH_DOANH"", ""raw_label"": ""HNI 100 Quốc Oai""}]",[]
2e041921-02e6-580c-ac41-84936b874a78,"130B Kim Bài, Thanh Oai",130b kim bai thanh oai,20.85415,105.762241,MISSING,DS_Dia_chi_van_phong_FTEL_toan_quoc_upd_Foxeco.csv,173,be32c72f2b34aeabdcad21a26636d2473de1079ef5f5d35a9b7cc2a0e0a9525b,t,2026-07-23 07:41:34.052246+00,2026-07-23 07:41:34.052246+00,hni 130b kim bai thanh oai,\N,\N,HNI,HN06,FTELBUHNI,KINH_DOANH,"HNI 130B Kim Bài, Thanh Oai",HNI|130b kim bai thanh oai,"[{""row"": 173, ""section"": ""KINH_DOANH"", ""raw_label"": ""HNI 130B Kim Bài, Thanh Oai""}]",[]
6346f232-3561-5a1a-b79d-803ce21be8a6,"18 Quảng Thái, Chương Mỹ",18 quang thai chuong my,,,MISSING,DS_Dia_chi_van_phong_FTEL_toan_quoc_upd_Foxeco.csv,174,be32c72f2b34aeabdcad21a26636d2473de1079ef5f5d35a9b7cc2a0e0a9525b,t,2026-07-23 07:41:34.052246+00,2026-07-23 07:41:34.052246+00,hni 18 quang thai chuong my,\N,\N,HNI,HN06,FTELBUHNI,KINH_DOANH,"HNI 18 Quảng Thái, Chương Mỹ",HNI|18 quang thai chuong my,"[{""row"": 174, ""section"": ""KINH_DOANH"", ""raw_label"": ""HNI 18 Quảng Thái, Chương Mỹ""}]",[]
424e07ec-4412-54ce-bd79-b2de80cef64d,"226 Lê Lợi, Ứng Hòa",226 le loi ung hoa,20.736281,105.770767,MISSING,DS_Dia_chi_van_phong_FTEL_toan_quoc_upd_Foxeco.csv,175,be32c72f2b34aeabdcad21a26636d2473de1079ef5f5d35a9b7cc2a0e0a9525b,t,2026-07-23 07:41:34.052246+00,2026-07-23 07:41:34.052246+00,hni 226 le loi ung hoa,\N,\N,HNI,HN06,FTELBUHNI,KINH_DOANH,"HNI 226 Lê Lợi, Ứng Hòa",HNI|226 le loi ung hoa,"[{""row"": 175, ""section"": ""KINH_DOANH"", ""raw_label"": ""HNI 226 Lê Lợi, Ứng Hòa""}]",[]
55f223bc-aee8-511f-ad6d-b16fe5caaf18,"27 TT Quốc Oai, Quốc Oai",27 tt quoc oai quoc oai,21.0093935,105.6329208,MISSING,DS_Dia_chi_van_phong_FTEL_toan_quoc_upd_Foxeco.csv,176,be32c72f2b34aeabdcad21a26636d2473de1079ef5f5d35a9b7cc2a0e0a9525b,t,2026-07-23 07:41:34.052246+00,2026-07-23 07:41:34.052246+00,hni 27 tt quoc oai quoc oai,\N,\N,HNI,HN06,FTELBUHNI,KINH_DOANH,"HNI 27 TT Quốc Oai, Quốc Oai",HNI|27 tt quoc oai quoc oai,"[{""row"": 176, ""section"": ""KINH_DOANH"", ""raw_label"": ""HNI 27 TT Quốc Oai, Quốc Oai""}]",[]
0658d687-bf72-50e7-9db5-fd101f9be7a7,"Chúc Sơn, Chương Mỹ",chuc son chuong my,20.9208414,105.6984354,MISSING,DS_Dia_chi_van_phong_FTEL_toan_quoc_upd_Foxeco.csv,177,be32c72f2b34aeabdcad21a26636d2473de1079ef5f5d35a9b7cc2a0e0a9525b,t,2026-07-23 07:41:34.052246+00,2026-07-23 07:41:34.052246+00,hni chuc son chuong my,\N,\N,HNI,HN06,FTELBUHNI,KINH_DOANH,"HNI Chúc Sơn, Chương Mỹ",HNI|chuc son chuong my,"[{""row"": 177, ""section"": ""KINH_DOANH"", ""raw_label"": ""HNI Chúc Sơn, Chương Mỹ""}]",[]
34ed7c7b-86e1-5d91-b642-6ae8eade045a,"Mỹ Đức, Hà Nội",my duc ha noi,20.6539269,105.6973661,MISSING,DS_Dia_chi_van_phong_FTEL_toan_quoc_upd_Foxeco.csv,178,be32c72f2b34aeabdcad21a26636d2473de1079ef5f5d35a9b7cc2a0e0a9525b,t,2026-07-23 07:41:34.052246+00,2026-07-23 07:41:34.052246+00,hni my duc ha noi,\N,\N,HNI,HN06,FTELBUHNI,KINH_DOANH,"HNI Mỹ Đức, Hà Nội",HNI|my duc ha noi,"[{""row"": 178, ""section"": ""KINH_DOANH"", ""raw_label"": ""HNI Mỹ Đức, Hà Nội""}]",[]
f92429d6-0e0f-5896-b55c-cf522840f82e,Xuân Mai,xuan mai,21.8256973,106.5320640,MISSING,DS_Dia_chi_van_phong_FTEL_toan_quoc_upd_Foxeco.csv,180,be32c72f2b34aeabdcad21a26636d2473de1079ef5f5d35a9b7cc2a0e0a9525b,t,2026-07-23 07:41:34.052246+00,2026-07-23 07:41:34.052246+00,hni xuan mai,\N,\N,HNI,HN06,FTELBUHNI,KINH_DOANH,HNI Xuân Mai,HNI|xuan mai,"[{""row"": 180, ""section"": ""KINH_DOANH"", ""raw_label"": ""HNI Xuân Mai""}]",[]
c7593547-a0f2-56dd-b8d4-465937623898,"100 Tổ 3, TT Đông Anh, HN",100 to 3 tt dong anh hn,14.762778,-86.920196,MISSING,DS_Dia_chi_van_phong_FTEL_toan_quoc_upd_Foxeco.csv,182,be32c72f2b34aeabdcad21a26636d2473de1079ef5f5d35a9b7cc2a0e0a9525b,t,2026-07-23 07:41:34.052246+00,2026-07-23 07:41:34.052246+00,hni 100 to 3 tt dong anh hn,\N,\N,HNI,HN07,FTELBUHNI,KINH_DOANH,"HNI 100 Tổ 3, TT Đông Anh, HN",HNI|100 to 3 tt dong anh hn,"[{""row"": 182, ""section"": ""KINH_DOANH"", ""raw_label"": ""HNI 100 Tổ 3, TT Đông Anh, HN""}]",[]
8f076c3a-eae0-5c63-a4f0-0544c59a9707,"256 Ngô Gia Tự, Long Biên",256 ngo gia tu long bien,21.0558797,105.8881300,MISSING,DS_Dia_chi_van_phong_FTEL_toan_quoc_upd_Foxeco.csv,183,be32c72f2b34aeabdcad21a26636d2473de1079ef5f5d35a9b7cc2a0e0a9525b,t,2026-07-23 07:41:34.052246+00,2026-07-23 07:41:34.052246+00,hni 256 ngo gia tu long bien,\N,\N,HNI,HN07,FTELBUHNI,KINH_DOANH,"HNI 256 Ngô Gia Tự, Long Biên",HNI|256 ngo gia tu long bien,"[{""row"": 183, ""section"": ""KINH_DOANH"", ""raw_label"": ""HNI 256 Ngô Gia Tự, Long Biên""}]",[]
e216c33e-2fa5-5629-9e4a-b46ed4bd51a9,"KĐT Hà Phong, Mê Linh",kdt ha phong me linh,20.859856,106.676857,MISSING,DS_Dia_chi_van_phong_FTEL_toan_quoc_upd_Foxeco.csv,184,be32c72f2b34aeabdcad21a26636d2473de1079ef5f5d35a9b7cc2a0e0a9525b,t,2026-07-23 07:41:34.052246+00,2026-07-23 07:41:34.052246+00,hni kdt ha phong me linh,\N,\N,HNI,HN07,FTELBUHNI,KINH_DOANH,"HNI KĐT Hà Phong, Mê Linh",HNI|kdt ha phong me linh,"[{""row"": 184, ""section"": ""KINH_DOANH"", ""raw_label"": ""HNI KĐT Hà Phong, Mê Linh""}]",[]
0f60d548-ad0d-52c9-9d28-209a07bb5bd4,"Số 7, KĐT Sóc Sơn",so 7 kdt soc son,21.2043977,105.8372483,MISSING,DS_Dia_chi_van_phong_FTEL_toan_quoc_upd_Foxeco.csv,185,be32c72f2b34aeabdcad21a26636d2473de1079ef5f5d35a9b7cc2a0e0a9525b,t,2026-07-23 07:41:34.052246+00,2026-07-23 07:41:34.052246+00,hni so 7 kdt soc son,\N,\N,HNI,HN07,FTELBUHNI,KINH_DOANH,"HNI Số 7, KĐT Sóc Sơn",HNI|so 7 kdt soc son,"[{""row"": 185, ""section"": ""KINH_DOANH"", ""raw_label"": ""HNI Số 7, KĐT Sóc Sơn""}]",[]
1f7b1582-7929-556d-9073-f5e64f39cff3,"Trâu Quỳ, Gia Lâm",trau quy gia lam,21.0094101,105.9439822,MISSING,DS_Dia_chi_van_phong_FTEL_toan_quoc_upd_Foxeco.csv,186,be32c72f2b34aeabdcad21a26636d2473de1079ef5f5d35a9b7cc2a0e0a9525b,t,2026-07-23 07:41:34.052246+00,2026-07-23 07:41:34.052246+00,hni trau quy gia lam,\N,\N,HNI,HN07,FTELBUHNI,KINH_DOANH,"HNI Trâu Quỳ, Gia Lâm",HNI|trau quy gia lam,"[{""row"": 186, ""section"": ""KINH_DOANH"", ""raw_label"": ""HNI Trâu Quỳ, Gia Lâm""}]",[]
9b9f0c4e-e317-5c1d-8c12-0a3f510ee5a7,"122 Tây Sơn, Đan Phượng",122 tay son dan phuong,21.0842346,105.6689167,MISSING,DS_Dia_chi_van_phong_FTEL_toan_quoc_upd_Foxeco.csv,188,be32c72f2b34aeabdcad21a26636d2473de1079ef5f5d35a9b7cc2a0e0a9525b,t,2026-07-23 07:41:34.052246+00,2026-07-23 07:41:34.052246+00,hni 122 tay son dan phuong,\N,\N,HNI,HN09,FTELBUHNI,KINH_DOANH,"HNI 122 Tây Sơn, Đan Phượng",HNI|122 tay son dan phuong,"[{""row"": 188, ""section"": ""KINH_DOANH"", ""raw_label"": ""HNI 122 Tây Sơn, Đan Phượng""}]",[]
97ae43e5-edef-5d75-ac47-36da2ca2bd1d,"35 La Thành, Sơn Tây",35 la thanh son tay,21.1403380,105.5097210,MISSING,DS_Dia_chi_van_phong_FTEL_toan_quoc_upd_Foxeco.csv,189,be32c72f2b34aeabdcad21a26636d2473de1079ef5f5d35a9b7cc2a0e0a9525b,t,2026-07-23 07:41:34.052246+00,2026-07-23 07:41:34.052246+00,hni 35 la thanh son tay,\N,\N,HNI,HN09,FTELBUHNI,KINH_DOANH,"HNI 35 La Thành, Sơn Tây",HNI|35 la thanh son tay,"[{""row"": 189, ""section"": ""KINH_DOANH"", ""raw_label"": ""HNI 35 La Thành, Sơn Tây""}]",[]
3883c368-4952-55d2-bc0f-a407c4299396,"Phố Nả, Chu Minh, Ba Vì",pho na chu minh ba vi,21.1076651,105.3670236,MISSING,DS_Dia_chi_van_phong_FTEL_toan_quoc_upd_Foxeco.csv,190,be32c72f2b34aeabdcad21a26636d2473de1079ef5f5d35a9b7cc2a0e0a9525b,t,2026-07-23 07:41:34.052246+00,2026-07-23 07:41:34.052246+00,hni pho na chu minh ba vi,\N,\N,HNI,HN09,FTELBUHNI,KINH_DOANH,"HNI Phố Nả, Chu Minh, Ba Vì",HNI|pho na chu minh ba vi,"[{""row"": 190, ""section"": ""KINH_DOANH"", ""raw_label"": ""HNI Phố Nả, Chu Minh, Ba Vì""}]",[]
5a0a1cd8-3475-51c1-aaf8-ea4689bf9c52,Phúc Thọ,phuc tho,21.1097590,105.5704468,MISSING,DS_Dia_chi_van_phong_FTEL_toan_quoc_upd_Foxeco.csv,191,be32c72f2b34aeabdcad21a26636d2473de1079ef5f5d35a9b7cc2a0e0a9525b,t,2026-07-23 07:41:34.052246+00,2026-07-23 07:41:34.052246+00,hni phuc tho,\N,\N,HNI,HN09,FTELBUHNI,KINH_DOANH,HNI Phúc Thọ,HNI|phuc tho,"[{""row"": 191, ""section"": ""KINH_DOANH"", ""raw_label"": ""HNI Phúc Thọ""}]",[]
13d29e0e-c2f1-5f19-8a35-273ba63152ef,"Thạch Thất, Hà Nội",thach that ha noi,21.0666388,105.5617779,MISSING,DS_Dia_chi_van_phong_FTEL_toan_quoc_upd_Foxeco.csv,192,be32c72f2b34aeabdcad21a26636d2473de1079ef5f5d35a9b7cc2a0e0a9525b,t,2026-07-23 07:41:34.052246+00,2026-07-23 07:41:34.052246+00,hni thach that ha noi,\N,\N,HNI,HN09,FTELBUHNI,KINH_DOANH,"HNI Thạch Thất, Hà Nội",HNI|thach that ha noi,"[{""row"": 192, ""section"": ""KINH_DOANH"", ""raw_label"": ""HNI Thạch Thất, Hà Nội""}]",[]
6b067eaa-1851-5695-83ff-72933f5930b2,DeTech 107 Nguyễn PhongSắc,detech 107 nguyen phongsac,48.323933,11.896683,MISSING,DS_Dia_chi_van_phong_FTEL_toan_quoc_upd_Foxeco.csv,194,be32c72f2b34aeabdcad21a26636d2473de1079ef5f5d35a9b7cc2a0e0a9525b,t,2026-07-23 07:41:34.052246+00,2026-07-23 07:41:34.052246+00,hni detech 107 nguyen phongsac,\N,\N,HNI,HNDA,FTELBUHNI,KINH_DOANH,HNI DeTech 107 Nguyễn PhongSắc,HNI|detech 107 nguyen phongsac,"[{""row"": 194, ""section"": ""KINH_DOANH"", ""raw_label"": ""HNI DeTech 107 Nguyễn PhongSắc""}, {""row"": 197, ""section"": ""KINH_DOANH"", ""raw_label"": ""HNI DeTech 107 Nguyễn PhongSắc""}]","[""TRUNCATED_30""]"
4aedd5d8-8739-5a7a-9bc5-99d402aec7ee,"24B Lý Thường Kiệt, Dĩ An",24b ly thuong kiet di an,10.9064621,106.7681349,MISSING,DS_Dia_chi_van_phong_FTEL_toan_quoc_upd_Foxeco.csv,200,be32c72f2b34aeabdcad21a26636d2473de1079ef5f5d35a9b7cc2a0e0a9525b,t,2026-07-23 07:41:34.052246+00,2026-07-23 07:41:34.052246+00,bdg 24b ly thuong kiet di an,\N,\N,BDG,\N,FTELBUTDDT,KINH_DOANH,"BDG 24B Lý Thường Kiệt, Dĩ An",BDG|24b ly thuong kiet di an,"[{""row"": 200, ""section"": ""KINH_DOANH"", ""raw_label"": ""BDG 24B Lý Thường Kiệt, Dĩ An""}]",[]
710efe81-0d6c-5f0c-95ea-a467db628a18,"260 Đ13/3 KP 4B, Dầu Tiếng",260 d13 3 kp 4b dau tieng,11.2741,106.35879,MISSING,DS_Dia_chi_van_phong_FTEL_toan_quoc_upd_Foxeco.csv,201,be32c72f2b34aeabdcad21a26636d2473de1079ef5f5d35a9b7cc2a0e0a9525b,t,2026-07-23 07:41:34.052246+00,2026-07-23 07:41:34.052246+00,bdg 260 d13 3 kp 4b dau tieng,\N,\N,BDG,\N,FTELBUTDDT,KINH_DOANH,"BDG 260 Đ13/3 KP 4B, Dầu Tiếng",BDG|260 d13 3 kp 4b dau tieng,"[{""row"": 201, ""section"": ""KINH_DOANH"", ""raw_label"": ""BDG 260 Đ13/3 KP 4B, Dầu Tiếng""}]","[""TRUNCATED_30""]"
5a0ee9ed-1812-5fde-9314-2916fc01e652,"39 ĐT746, Tân Hoá, TânUyên",39 dt746 tan hoa tanuyen,11.044139,106.730692,MISSING,DS_Dia_chi_van_phong_FTEL_toan_quoc_upd_Foxeco.csv,202,be32c72f2b34aeabdcad21a26636d2473de1079ef5f5d35a9b7cc2a0e0a9525b,t,2026-07-23 07:41:34.052246+00,2026-07-23 07:41:34.052246+00,bdg 39 dt746 tan hoa tanuyen,\N,\N,BDG,\N,FTELBUTDDT,KINH_DOANH,"BDG 39 ĐT746, Tân Hoá, TânUyên",BDG|39 dt746 tan hoa tanuyen,"[{""row"": 202, ""section"": ""KINH_DOANH"", ""raw_label"": ""BDG 39 ĐT746, Tân Hoá, TânUyên""}]","[""TRUNCATED_30""]"
74de2938-414e-531c-9364-f28487cd64c1,"606 DT741,P Vĩnh,Phú Giáo",606 dt741 p vinh phu giao,11.221868,106.725325,MISSING,DS_Dia_chi_van_phong_FTEL_toan_quoc_upd_Foxeco.csv,203,be32c72f2b34aeabdcad21a26636d2473de1079ef5f5d35a9b7cc2a0e0a9525b,t,2026-07-23 07:41:34.052246+00,2026-07-23 07:41:34.052246+00,bdg 606 dt741 p vinh phu giao,\N,\N,BDG,\N,FTELBUTDDT,KINH_DOANH,"BDG 606 DT741,P Vĩnh,Phú Giáo",BDG|606 dt741 p vinh phu giao,"[{""row"": 203, ""section"": ""KINH_DOANH"", ""raw_label"": ""BDG 606 DT741,P Vĩnh,Phú Giáo""}]",[]
1307da00-2bac-5b99-9b3d-748a865ada28,"B1 D9, KDC Chánh Nghĩa,TDM",b1 d9 kdc chanh nghia tdm,10.710229,106.629454,MISSING,DS_Dia_chi_van_phong_FTEL_toan_quoc_upd_Foxeco.csv,204,be32c72f2b34aeabdcad21a26636d2473de1079ef5f5d35a9b7cc2a0e0a9525b,t,2026-07-23 07:41:34.052246+00,2026-07-23 07:41:34.052246+00,bdg b1 d9 kdc chanh nghia tdm,\N,\N,BDG,\N,FTELBUTDDT,KINH_DOANH,"BDG B1 D9, KDC Chánh Nghĩa,TDM",BDG|b1 d9 kdc chanh nghia tdm,"[{""row"": 204, ""section"": ""KINH_DOANH"", ""raw_label"": ""BDG B1 D9, KDC Chánh Nghĩa,TDM""}]","[""TRUNCATED_30""]"
9a58b364-6b9e-5e3e-8c14-5db28d297736,B1-06 KDC Huỳnh Gia Phát,b1 06 kdc huynh gia phat,,,MISSING,DS_Dia_chi_van_phong_FTEL_toan_quoc_upd_Foxeco.csv,205,be32c72f2b34aeabdcad21a26636d2473de1079ef5f5d35a9b7cc2a0e0a9525b,t,2026-07-23 07:41:34.052246+00,2026-07-23 07:41:34.052246+00,bdg b1 06 kdc huynh gia phat,\N,\N,BDG,\N,FTELBUTDDT,KINH_DOANH,BDG B1-06 KDC Huỳnh Gia Phát,BDG|b1 06 kdc huynh gia phat,"[{""row"": 205, ""section"": ""KINH_DOANH"", ""raw_label"": ""BDG B1-06 KDC Huỳnh Gia Phát""}]",[]
d5411a5d-5ac5-5bc5-ae39-ec6c44aa1784,"Khu phố 3,Mỹ Phước,Bến Cát",khu pho 3 my phuoc ben cat,11.1517333,106.5938250,MISSING,DS_Dia_chi_van_phong_FTEL_toan_quoc_upd_Foxeco.csv,206,be32c72f2b34aeabdcad21a26636d2473de1079ef5f5d35a9b7cc2a0e0a9525b,t,2026-07-23 07:41:34.052246+00,2026-07-23 07:41:34.052246+00,bdg khu pho 3 my phuoc ben cat,\N,\N,BDG,\N,FTELBUTDDT,KINH_DOANH,"BDG Khu phố 3,Mỹ Phước,Bến Cát",BDG|khu pho 3 my phuoc ben cat,"[{""row"": 206, ""section"": ""KINH_DOANH"", ""raw_label"": ""BDG Khu phố 3,Mỹ Phước,Bến Cát""}]","[""TRUNCATED_30""]"
f096b32e-c7b7-5843-aaf7-0997acb8fe9c,"L2,PHL,Thuận Giao,Thuận An",l2 phl thuan giao thuan an,8.58333,99.36667,MISSING,DS_Dia_chi_van_phong_FTEL_toan_quoc_upd_Foxeco.csv,207,be32c72f2b34aeabdcad21a26636d2473de1079ef5f5d35a9b7cc2a0e0a9525b,t,2026-07-23 07:41:34.052246+00,2026-07-23 07:41:34.052246+00,bdg l2 phl thuan giao thuan an,\N,\N,BDG,\N,FTELBUTDDT,KINH_DOANH,"BDG L2,PHL,Thuận Giao,Thuận An",BDG|l2 phl thuan giao thuan an,"[{""row"": 207, ""section"": ""KINH_DOANH"", ""raw_label"": ""BDG L2,PHL,Thuận Giao,Thuận An""}]","[""TRUNCATED_30""]"
0156f66d-e91b-5014-a2ee-3bef07fbb158,"498 QL14,Tân Phú,Đồng Xoài",498 ql14 tan phu dong xoai,11.53333,106.91667,MISSING,DS_Dia_chi_van_phong_FTEL_toan_quoc_upd_Foxeco.csv,209,be32c72f2b34aeabdcad21a26636d2473de1079ef5f5d35a9b7cc2a0e0a9525b,t,2026-07-23 07:41:34.052246+00,2026-07-23 07:41:34.052246+00,bpc 498 ql14 tan phu dong xoai,\N,\N,BPC,\N,FTELBUTDDT,KINH_DOANH,"BPC 498 QL14,Tân Phú,Đồng Xoài",BPC|498 ql14 tan phu dong xoai,"[{""row"": 209, ""section"": ""KINH_DOANH"", ""raw_label"": ""BPC 498 QL14,Tân Phú,Đồng Xoài""}]","[""TRUNCATED_30""]"
82e07947-99b7-547b-a746-34a62d593036,"KP6 LongPhước,TX PhướcLong",kp6 longphuoc tx phuoclong,,,MISSING,DS_Dia_chi_van_phong_FTEL_toan_quoc_upd_Foxeco.csv,210,be32c72f2b34aeabdcad21a26636d2473de1079ef5f5d35a9b7cc2a0e0a9525b,t,2026-07-23 07:41:34.052246+00,2026-07-23 07:41:34.052246+00,bpc kp6 longphuoc tx phuoclong,\N,\N,BPC,\N,FTELBUTDDT,KINH_DOANH,"BPC KP6 LongPhước,TX PhướcLong",BPC|kp6 longphuoc tx phuoclong,"[{""row"": 210, ""section"": ""KINH_DOANH"", ""raw_label"": ""BPC KP6 LongPhước,TX PhướcLong""}]","[""TRUNCATED_30""]"
2e5b5c1d-cc55-53a2-bf49-72a198b7381b,"1002 Khu 11, TT Tân Phú",1002 khu 11 tt tan phu,10.791531,106.591694,MISSING,DS_Dia_chi_van_phong_FTEL_toan_quoc_upd_Foxeco.csv,211,be32c72f2b34aeabdcad21a26636d2473de1079ef5f5d35a9b7cc2a0e0a9525b,t,2026-07-23 07:41:34.052246+00,2026-07-23 07:41:34.052246+00,dni 1002 khu 11 tt tan phu,\N,\N,DNI,\N,FTELBUTDDT,KINH_DOANH,"DNI 1002 Khu 11, TT Tân Phú",DNI|1002 khu 11 tt tan phu,"[{""row"": 211, ""section"": ""KINH_DOANH"", ""raw_label"": ""DNI 1002 Khu 11, TT Tân Phú""}]",[]
70538e25-9780-580d-a224-1ad607f80690,"107 KP114, Định Quán",107 kp114 dinh quan,11.2004982,107.3565590,MISSING,DS_Dia_chi_van_phong_FTEL_toan_quoc_upd_Foxeco.csv,212,be32c72f2b34aeabdcad21a26636d2473de1079ef5f5d35a9b7cc2a0e0a9525b,t,2026-07-23 07:41:34.052246+00,2026-07-23 07:41:34.052246+00,dni 107 kp114 dinh quan,\N,\N,DNI,\N,FTELBUTDDT,KINH_DOANH,"DNI 107 KP114, Định Quán",DNI|107 kp114 dinh quan,"[{""row"": 212, ""section"": ""KINH_DOANH"", ""raw_label"": ""DNI 107 KP114, Định Quán""}]",[]
1ce90afa-b6bd-547b-ae40-cb7a076ba78b,"108 Khổng Tử, Long Khánh",108 khong tu long khanh,10.9362339,107.2461621,MISSING,DS_Dia_chi_van_phong_FTEL_toan_quoc_upd_Foxeco.csv,213,be32c72f2b34aeabdcad21a26636d2473de1079ef5f5d35a9b7cc2a0e0a9525b,t,2026-07-23 07:41:34.052246+00,2026-07-23 07:41:34.052246+00,dni 108 khong tu long khanh,\N,\N,DNI,\N,FTELBUTDDT,KINH_DOANH,"DNI 108 Khổng Tử, Long Khánh",DNI|108 khong tu long khanh,"[{""row"": 213, ""section"": ""KINH_DOANH"", ""raw_label"": ""DNI 108 Khổng Tử, Long Khánh""}]",[]
20e282d5-4c09-5f97-9f57-c37bf3de28b8,"17 Hùng Vương, Xuân Lộc",17 hung vuong xuan loc,10.9310414,107.4038020,MISSING,DS_Dia_chi_van_phong_FTEL_toan_quoc_upd_Foxeco.csv,214,be32c72f2b34aeabdcad21a26636d2473de1079ef5f5d35a9b7cc2a0e0a9525b,t,2026-07-23 07:41:34.052246+00,2026-07-23 07:41:34.052246+00,dni 17 hung vuong xuan loc,\N,\N,DNI,\N,FTELBUTDDT,KINH_DOANH,"DNI 17 Hùng Vương, Xuân Lộc",DNI|17 hung vuong xuan loc,"[{""row"": 214, ""section"": ""KINH_DOANH"", ""raw_label"": ""DNI 17 Hùng Vương, Xuân Lộc""}]",[]
1d654841-672a-5323-9762-6f0b5417167f,"1887 Quảng Hòa, Trảng Bom",1887 quang hoa trang bom,10.9456234,106.9856913,MISSING,DS_Dia_chi_van_phong_FTEL_toan_quoc_upd_Foxeco.csv,215,be32c72f2b34aeabdcad21a26636d2473de1079ef5f5d35a9b7cc2a0e0a9525b,t,2026-07-23 07:41:34.052246+00,2026-07-23 07:41:34.052246+00,dni 1887 quang hoa trang bom,\N,\N,DNI,\N,FTELBUTDDT,KINH_DOANH,"DNI 1887 Quảng Hòa, Trảng Bom",DNI|1887 quang hoa trang bom,"[{""row"": 215, ""section"": ""KINH_DOANH"", ""raw_label"": ""DNI 1887 Quảng Hòa, Trảng Bom""}]",[]
e6a3eb82-f9a9-5096-98a5-054981e22793,"43 Quang Trung,KP5,Vĩnh An",43 quang trung kp5 vinh an,34.46014,107.9097,MISSING,DS_Dia_chi_van_phong_FTEL_toan_quoc_upd_Foxeco.csv,216,be32c72f2b34aeabdcad21a26636d2473de1079ef5f5d35a9b7cc2a0e0a9525b,t,2026-07-23 07:41:34.052246+00,2026-07-23 07:41:34.052246+00,dni 43 quang trung kp5 vinh an,\N,\N,DNI,\N,FTELBUTDDT,KINH_DOANH,"DNI 43 Quang Trung,KP5,Vĩnh An",DNI|43 quang trung kp5 vinh an,"[{""row"": 216, ""section"": ""KINH_DOANH"", ""raw_label"": ""DNI 43 Quang Trung,KP5,Vĩnh An""}]","[""TRUNCATED_30""]"
7a062d58-48a3-537c-964a-97712825ecfc,"46 Võ Thị Sáu, H Long Thàn",46 vo thi sau h long than,9.678047,105.568258,MISSING,DS_Dia_chi_van_phong_FTEL_toan_quoc_upd_Foxeco.csv,217,be32c72f2b34aeabdcad21a26636d2473de1079ef5f5d35a9b7cc2a0e0a9525b,t,2026-07-23 07:41:34.052246+00,2026-07-23 07:41:34.052246+00,dni 46 vo thi sau h long than,\N,\N,DNI,\N,FTELBUTDDT,KINH_DOANH,"DNI 46 Võ Thị Sáu, H Long Thàn",DNI|46 vo thi sau h long than,"[{""row"": 217, ""section"": ""KINH_DOANH"", ""raw_label"": ""DNI 46 Võ Thị Sáu, H Long Thàn""}]","[""TRUNCATED_30""]"
35b1bd9d-8b40-532c-8aae-7fa60b208f2b,47 CMT8 TX Long Khánh,47 cmt8 tx long khanh,10.92655,107.24783,MISSING,DS_Dia_chi_van_phong_FTEL_toan_quoc_upd_Foxeco.csv,218,be32c72f2b34aeabdcad21a26636d2473de1079ef5f5d35a9b7cc2a0e0a9525b,t,2026-07-23 07:41:34.052246+00,2026-07-23 07:41:34.052246+00,dni 47 cmt8 tx long khanh,\N,\N,DNI,\N,FTELBUTDDT,KINH_DOANH,DNI 47 CMT8 TX Long Khánh,DNI|47 cmt8 tx long khanh,"[{""row"": 218, ""section"": ""KINH_DOANH"", ""raw_label"": ""DNI 47 CMT8 TX Long Khánh""}]",[]
4d323669-5353-51e3-b991-8fc2fd27abde,"791 Đồng Khởi,KP8,Biên Hòa",791 dong khoi kp8 bien hoa,10.974759,106.850787,MISSING,DS_Dia_chi_van_phong_FTEL_toan_quoc_upd_Foxeco.csv,219,be32c72f2b34aeabdcad21a26636d2473de1079ef5f5d35a9b7cc2a0e0a9525b,t,2026-07-23 07:41:34.052246+00,2026-07-23 07:41:34.052246+00,dni 791 dong khoi kp8 bien hoa,\N,\N,DNI,\N,FTELBUTDDT,KINH_DOANH,"DNI 791 Đồng Khởi,KP8,Biên Hòa",DNI|791 dong khoi kp8 bien hoa,"[{""row"": 219, ""section"": ""KINH_DOANH"", ""raw_label"": ""DNI 791 Đồng Khởi,KP8,Biên Hòa""}, {""row"": 11, ""section"": ""FTI_FPL"", ""raw_label"": ""DNI 791 Đồng Khởi,KP8,Biên Hòa""}]","[""TRUNCATED_30""]"
362a883b-86cc-51a3-bbfd-2f83bd3a0840,"B2/18,Ấp1,LongThọ,Nh.Trạch",b2 18 ap1 longtho nh trach,43.325539,5.426645,MISSING,DS_Dia_chi_van_phong_FTEL_toan_quoc_upd_Foxeco.csv,220,be32c72f2b34aeabdcad21a26636d2473de1079ef5f5d35a9b7cc2a0e0a9525b,t,2026-07-23 07:41:34.052246+00,2026-07-23 07:41:34.052246+00,dni b2 18 ap1 longtho nh trach,\N,\N,DNI,\N,FTELBUTDDT,KINH_DOANH,"DNI B2/18,Ấp1,LongThọ,Nh.Trạch",DNI|b2 18 ap1 longtho nh trach,"[{""row"": 220, ""section"": ""KINH_DOANH"", ""raw_label"": ""DNI B2/18,Ấp1,LongThọ,Nh.Trạch""}]","[""TRUNCATED_30""]"
2f6890e0-5220-52c3-a516-417c94159ca6,"Block B, Ô 11, Trảng Bom",block b o 11 trang bom,-13.248561,-43.396464,MISSING,DS_Dia_chi_van_phong_FTEL_toan_quoc_upd_Foxeco.csv,221,be32c72f2b34aeabdcad21a26636d2473de1079ef5f5d35a9b7cc2a0e0a9525b,t,2026-07-23 07:41:34.052246+00,2026-07-23 07:41:34.052246+00,dni block b o 11 trang bom,\N,\N,DNI,\N,FTELBUTDDT,KINH_DOANH,"DNI Block B, Ô 11, Trảng Bom",DNI|block b o 11 trang bom,"[{""row"": 221, ""section"": ""KINH_DOANH"", ""raw_label"": ""DNI Block B, Ô 11, Trảng Bom""}]",[]
71294f13-32f1-5e7e-bc41-b81bc31923c9,"Đường764, Sông Ray, Cẩm Mỹ",duong764 song ray cam my,,,MISSING,DS_Dia_chi_van_phong_FTEL_toan_quoc_upd_Foxeco.csv,222,be32c72f2b34aeabdcad21a26636d2473de1079ef5f5d35a9b7cc2a0e0a9525b,t,2026-07-23 07:41:34.052246+00,2026-07-23 07:41:34.052246+00,dni duong764 song ray cam my,\N,\N,DNI,\N,FTELBUTDDT,KINH_DOANH,"DNI Đường764, Sông Ray, Cẩm Mỹ",DNI|duong764 song ray cam my,"[{""row"": 222, ""section"": ""KINH_DOANH"", ""raw_label"": ""DNI Đường764, Sông Ray, Cẩm Mỹ""}]","[""TRUNCATED_30""]"
c54051a7-aa01-56a5-9608-3427cbae884d,"Gia Tân 2, Thống Nhất",gia tan 2 thong nhat,10.3450685,107.0756633,MISSING,DS_Dia_chi_van_phong_FTEL_toan_quoc_upd_Foxeco.csv,223,be32c72f2b34aeabdcad21a26636d2473de1079ef5f5d35a9b7cc2a0e0a9525b,t,2026-07-23 07:41:34.052246+00,2026-07-23 07:41:34.052246+00,dni gia tan 2 thong nhat,\N,\N,DNI,\N,FTELBUTDDT,KINH_DOANH,"DNI Gia Tân 2, Thống Nhất",DNI|gia tan 2 thong nhat,"[{""row"": 223, ""section"": ""KINH_DOANH"", ""raw_label"": ""DNI Gia Tân 2, Thống Nhất""}]",[]
22aa8c83-c2a3-59ce-b36f-31e313290902,"Nguyễn Hữu Cảnh, Trảng Bom",nguyen huu canh trang bom,10.9530219,107.0012595,MISSING,DS_Dia_chi_van_phong_FTEL_toan_quoc_upd_Foxeco.csv,224,be32c72f2b34aeabdcad21a26636d2473de1079ef5f5d35a9b7cc2a0e0a9525b,t,2026-07-23 07:41:34.052246+00,2026-07-23 07:41:34.052246+00,dni nguyen huu canh trang bom,\N,\N,DNI,\N,FTELBUTDDT,KINH_DOANH,"DNI Nguyễn Hữu Cảnh, Trảng Bom",DNI|nguyen huu canh trang bom,"[{""row"": 224, ""section"": ""KINH_DOANH"", ""raw_label"": ""DNI Nguyễn Hữu Cảnh, Trảng Bom""}]","[""TRUNCATED_30""]"
3f8027a4-b9bb-5852-8bf3-6b90d302a48a,"Phước An, Phước Bình",phuoc an phuoc binh,11.5255606,106.9241670,MISSING,DS_Dia_chi_van_phong_FTEL_toan_quoc_upd_Foxeco.csv,225,be32c72f2b34aeabdcad21a26636d2473de1079ef5f5d35a9b7cc2a0e0a9525b,t,2026-07-23 07:41:34.052246+00,2026-07-23 07:41:34.052246+00,dni phuoc an phuoc binh,\N,\N,DNI,\N,FTELBUTDDT,KINH_DOANH,"DNI Phước An, Phước Bình",DNI|phuoc an phuoc binh,"[{""row"": 225, ""section"": ""KINH_DOANH"", ""raw_label"": ""DNI Phước An, Phước Bình""}]",[]
ccadda47-fe58-57db-ae40-fe8c7d3d8c20,"Số 91B/4, Ấp Bạch Lâm 2,TN",so 91b 4 ap bach lam 2 tn,49.598791,-97.047821,MISSING,DS_Dia_chi_van_phong_FTEL_toan_quoc_upd_Foxeco.csv,226,be32c72f2b34aeabdcad21a26636d2473de1079ef5f5d35a9b7cc2a0e0a9525b,t,2026-07-23 07:41:34.052246+00,2026-07-23 07:41:34.052246+00,dni so 91b 4 ap bach lam 2 tn,\N,\N,DNI,\N,FTELBUTDDT,KINH_DOANH,"DNI Số 91B/4, Ấp Bạch Lâm 2,TN",DNI|so 91b 4 ap bach lam 2 tn,"[{""row"": 226, ""section"": ""KINH_DOANH"", ""raw_label"": ""DNI Số 91B/4, Ấp Bạch Lâm 2,TN""}]","[""TRUNCATED_30""]"
2ccf8111-6c87-5b89-aecb-56163b0fa120,"ITD Bld, Tân Thuận, Q7",itd bld tan thuan q7,34.15197,-118.339766,MISSING,DS_Dia_chi_van_phong_FTEL_toan_quoc_upd_Foxeco.csv,227,be32c72f2b34aeabdcad21a26636d2473de1079ef5f5d35a9b7cc2a0e0a9525b,t,2026-07-23 07:41:34.052246+00,2026-07-23 07:41:34.052246+00,hcm itd bld tan thuan q7,\N,\N,HCM,\N,FTELBUTDDT,KINH_DOANH,"HCM ITD Bld, Tân Thuận, Q7",HCM|itd bld tan thuan q7,"[{""row"": 227, ""section"": ""KINH_DOANH"", ""raw_label"": ""HCM ITD Bld, Tân Thuận, Q7""}]",[]
fa9440c4-351d-5227-b882-f32a6810ecbc,182-184 Đường 2/9 Hải Châu,182 184 duong 2 9 hai chau,16.0573939,108.2223620,MISSING,DS_Dia_chi_van_phong_FTEL_toan_quoc_upd_Foxeco.csv,229,be32c72f2b34aeabdcad21a26636d2473de1079ef5f5d35a9b7cc2a0e0a9525b,t,2026-07-23 07:41:34.052246+00,2026-07-23 07:41:34.052246+00,dng 182 184 duong 2 9 hai chau,\N,\N,DNG,\N,FTELBUTDDT,KINH_DOANH,DNG 182-184 Đường 2/9 Hải Châu,DNG|182 184 duong 2 9 hai chau,"[{""row"": 229, ""section"": ""KINH_DOANH"", ""raw_label"": ""DNG 182-184 Đường 2/9 Hải Châu""}]","[""TRUNCATED_30""]"
a7537518-fa31-52a3-addd-1af9476ec200,"36 Nhơn Hòa 4, Cẩm Lệ",36 nhon hoa 4 cam le,16.049945,108.172413,MISSING,DS_Dia_chi_van_phong_FTEL_toan_quoc_upd_Foxeco.csv,230,be32c72f2b34aeabdcad21a26636d2473de1079ef5f5d35a9b7cc2a0e0a9525b,t,2026-07-23 07:41:34.052246+00,2026-07-23 07:41:34.052246+00,dng 36 nhon hoa 4 cam le,\N,\N,DNG,\N,FTELBUTDDT,KINH_DOANH,"DNG 36 Nhơn Hòa 4, Cẩm Lệ",DNG|36 nhon hoa 4 cam le,"[{""row"": 230, ""section"": ""KINH_DOANH"", ""raw_label"": ""DNG 36 Nhơn Hòa 4, Cẩm Lệ""}]",[]
21a65276-aaf9-5e08-ae5f-76e1a360f1e7,"569 Điện Biên Phủ,ThanhKhê",569 dien bien phu thanhkhe,10.7998736,106.7178633,MISSING,DS_Dia_chi_van_phong_FTEL_toan_quoc_upd_Foxeco.csv,231,be32c72f2b34aeabdcad21a26636d2473de1079ef5f5d35a9b7cc2a0e0a9525b,t,2026-07-23 07:41:34.052246+00,2026-07-23 07:41:34.052246+00,dng 569 dien bien phu thanhkhe,\N,\N,DNG,\N,FTELBUTDDT,KINH_DOANH,"DNG 569 Điện Biên Phủ,ThanhKhê",DNG|569 dien bien phu thanhkhe,"[{""row"": 231, ""section"": ""KINH_DOANH"", ""raw_label"": ""DNG 569 Điện Biên Phủ,ThanhKhê""}]","[""TRUNCATED_30""]"
51da0444-5089-552c-97cc-5b816461e7c6,909 Ngô Quyền Sơn Trà,909 ngo quyen son tra,16.0866560,108.2405755,MISSING,DS_Dia_chi_van_phong_FTEL_toan_quoc_upd_Foxeco.csv,232,be32c72f2b34aeabdcad21a26636d2473de1079ef5f5d35a9b7cc2a0e0a9525b,t,2026-07-23 07:41:34.052246+00,2026-07-23 07:41:34.052246+00,dng 909 ngo quyen son tra,\N,\N,DNG,\N,FTELBUTDDT,KINH_DOANH,DNG 909 Ngô Quyền Sơn Trà,DNG|909 ngo quyen son tra,"[{""row"": 232, ""section"": ""KINH_DOANH"", ""raw_label"": ""DNG 909 Ngô Quyền Sơn Trà""}]",[]
eb51d17c-95db-551f-bfe1-28e79bb290cf,"Lô A4-1, KĐT Công nghệ FPT",lo a4 1 kdt cong nghe fpt,18.792326,105.725609,MISSING,DS_Dia_chi_van_phong_FTEL_toan_quoc_upd_Foxeco.csv,233,be32c72f2b34aeabdcad21a26636d2473de1079ef5f5d35a9b7cc2a0e0a9525b,t,2026-07-23 07:41:34.052246+00,2026-07-23 07:41:34.052246+00,dng lo a4 1 kdt cong nghe fpt,\N,\N,DNG,\N,FTELBUTDDT,KINH_DOANH,"DNG Lô A4-1, KĐT Công nghệ FPT",DNG|lo a4 1 kdt cong nghe fpt,"[{""row"": 233, ""section"": ""KINH_DOANH"", ""raw_label"": ""DNG Lô A4-1, KĐT Công nghệ FPT""}]","[""TRUNCATED_30""]"
5854d577-b6e1-567b-9eb5-fabf916d872d,"16-18 Bà Triệu, TP HDG",16 18 ba trieu tp hdg,,,MISSING,DS_Dia_chi_van_phong_FTEL_toan_quoc_upd_Foxeco.csv,235,be32c72f2b34aeabdcad21a26636d2473de1079ef5f5d35a9b7cc2a0e0a9525b,t,2026-07-23 07:41:34.052246+00,2026-07-23 07:41:34.052246+00,hdg 16 18 ba trieu tp hdg,\N,\N,HDG,\N,FTELBUTDDT,KINH_DOANH,"HDG 16-18 Bà Triệu, TP HDG",HDG|16 18 ba trieu tp hdg,"[{""row"": 235, ""section"": ""KINH_DOANH"", ""raw_label"": ""HDG 16-18 Bà Triệu, TP HDG""}]",[]
082346c5-f27c-5f19-a890-a9a3aa2bb665,"34 Nguyễn Trãi, Chí Linh",34 nguyen trai chi linh,21.1112984,106.3253253,MISSING,DS_Dia_chi_van_phong_FTEL_toan_quoc_upd_Foxeco.csv,236,be32c72f2b34aeabdcad21a26636d2473de1079ef5f5d35a9b7cc2a0e0a9525b,t,2026-07-23 07:41:34.052246+00,2026-07-23 07:41:34.052246+00,hdg 34 nguyen trai chi linh,\N,\N,HDG,\N,FTELBUTDDT,KINH_DOANH,"HDG 34 Nguyễn Trãi, Chí Linh",HDG|34 nguyen trai chi linh,"[{""row"": 236, ""section"": ""KINH_DOANH"", ""raw_label"": ""HDG 34 Nguyễn Trãi, Chí Linh""}]",[]
bd9bcaec-3395-559c-8c97-bd524703011b,"36 Hùng Vương, Bình Giang",36 hung vuong binh giang,10.1055632,105.3019874,MISSING,DS_Dia_chi_van_phong_FTEL_toan_quoc_upd_Foxeco.csv,237,be32c72f2b34aeabdcad21a26636d2473de1079ef5f5d35a9b7cc2a0e0a9525b,t,2026-07-23 07:41:34.052246+00,2026-07-23 07:41:34.052246+00,hdg 36 hung vuong binh giang,\N,\N,HDG,\N,FTELBUTDDT,KINH_DOANH,"HDG 36 Hùng Vương, Bình Giang",HDG|36 hung vuong binh giang,"[{""row"": 237, ""section"": ""KINH_DOANH"", ""raw_label"": ""HDG 36 Hùng Vương, Bình Giang""}]",[]
e581a231-7d62-578c-ab12-f635e9b1229b,"90 Nguyễn Trãi, Kinh Môn",90 nguyen trai kinh mon,20.9876650,106.5569049,MISSING,DS_Dia_chi_van_phong_FTEL_toan_quoc_upd_Foxeco.csv,238,be32c72f2b34aeabdcad21a26636d2473de1079ef5f5d35a9b7cc2a0e0a9525b,t,2026-07-23 07:41:34.052246+00,2026-07-23 07:41:34.052246+00,hdg 90 nguyen trai kinh mon,\N,\N,HDG,\N,FTELBUTDDT,KINH_DOANH,"HDG 90 Nguyễn Trãi, Kinh Môn",HDG|90 nguyen trai kinh mon,"[{""row"": 238, ""section"": ""KINH_DOANH"", ""raw_label"": ""HDG 90 Nguyễn Trãi, Kinh Môn""}]",[]
73653f87-b934-5f8f-be10-e3323ac85206,"91 NLB, Thanh Miện",91 nlb thanh mien,10.446386,105.364307,MISSING,DS_Dia_chi_van_phong_FTEL_toan_quoc_upd_Foxeco.csv,239,be32c72f2b34aeabdcad21a26636d2473de1079ef5f5d35a9b7cc2a0e0a9525b,t,2026-07-23 07:41:34.052246+00,2026-07-23 07:41:34.052246+00,hdg 91 nlb thanh mien,\N,\N,HDG,\N,FTELBUTDDT,KINH_DOANH,"HDG 91 NLB, Thanh Miện",HDG|91 nlb thanh mien,"[{""row"": 239, ""section"": ""KINH_DOANH"", ""raw_label"": ""HDG 91 NLB, Thanh Miện""}]",[]
58495291-358f-575a-b12e-1f8a47804817,"Khu đường mới, TT Thanh Hà",khu duong moi tt thanh ha,10.723523,106.729648,MISSING,DS_Dia_chi_van_phong_FTEL_toan_quoc_upd_Foxeco.csv,240,be32c72f2b34aeabdcad21a26636d2473de1079ef5f5d35a9b7cc2a0e0a9525b,t,2026-07-23 07:41:34.052246+00,2026-07-23 07:41:34.052246+00,hdg khu duong moi tt thanh ha,\N,\N,HDG,\N,FTELBUTDDT,KINH_DOANH,"HDG Khu đường mới, TT Thanh Hà",HDG|khu duong moi tt thanh ha,"[{""row"": 240, ""section"": ""KINH_DOANH"", ""raw_label"": ""HDG Khu đường mới, TT Thanh Hà""}]","[""TRUNCATED_30""]"
88cabcc0-e2ff-52e1-8b69-e4e54394acf1,"QL37 Ninh Thành,Ninh Giang",ql37 ninh thanh ninh giang,20.7291586,106.3949524,MISSING,DS_Dia_chi_van_phong_FTEL_toan_quoc_upd_Foxeco.csv,241,be32c72f2b34aeabdcad21a26636d2473de1079ef5f5d35a9b7cc2a0e0a9525b,t,2026-07-23 07:41:34.052246+00,2026-07-23 07:41:34.052246+00,hdg ql37 ninh thanh ninh giang,\N,\N,HDG,\N,FTELBUTDDT,KINH_DOANH,"HDG QL37 Ninh Thành,Ninh Giang",HDG|ql37 ninh thanh ninh giang,"[{""row"": 241, ""section"": ""KINH_DOANH"", ""raw_label"": ""HDG QL37 Ninh Thành,Ninh Giang""}]","[""TRUNCATED_30""]"
9dc1c387-f32f-5a3b-bff5-4805d313ebe7,"128Hoàng Quốc Việt,Kiến An",128hoang quoc viet kien an,20.814134,106.624788,MISSING,DS_Dia_chi_van_phong_FTEL_toan_quoc_upd_Foxeco.csv,243,be32c72f2b34aeabdcad21a26636d2473de1079ef5f5d35a9b7cc2a0e0a9525b,t,2026-07-23 07:41:34.052246+00,2026-07-23 07:41:34.052246+00,hpg 128hoang quoc viet kien an,\N,\N,HPG,\N,FTELBUTDDT,KINH_DOANH,"HPG 128Hoàng Quốc Việt,Kiến An",HPG|128hoang quoc viet kien an,"[{""row"": 243, ""section"": ""KINH_DOANH"", ""raw_label"": ""HPG 128Hoàng Quốc Việt,Kiến An""}]","[""TRUNCATED_30""]"
6d9f7ed8-edde-55a2-9d94-06a961b4afcb,137 Trần Nguyên Hãn,137 tran nguyen han,20.8490180,106.6715590,MISSING,DS_Dia_chi_van_phong_FTEL_toan_quoc_upd_Foxeco.csv,244,be32c72f2b34aeabdcad21a26636d2473de1079ef5f5d35a9b7cc2a0e0a9525b,t,2026-07-23 07:41:34.052246+00,2026-07-23 07:41:34.052246+00,hpg 137 tran nguyen han,\N,\N,HPG,\N,FTELBUTDDT,KINH_DOANH,HPG 137 Trần Nguyên Hãn,HPG|137 tran nguyen han,"[{""row"": 244, ""section"": ""KINH_DOANH"", ""raw_label"": ""HPG 137 Trần Nguyên Hãn""}]",[]
7a36a00b-76af-5d3e-b62b-5bb0b92534ff,"146 Khu 8, TT Tiên Lãng",146 khu 8 tt tien lang,10.353527,106.376476,MISSING,DS_Dia_chi_van_phong_FTEL_toan_quoc_upd_Foxeco.csv,245,be32c72f2b34aeabdcad21a26636d2473de1079ef5f5d35a9b7cc2a0e0a9525b,t,2026-07-23 07:41:34.052246+00,2026-07-23 07:41:34.052246+00,hpg 146 khu 8 tt tien lang,\N,\N,HPG,\N,FTELBUTDDT,KINH_DOANH,"HPG 146 Khu 8, TT Tiên Lãng",HPG|146 khu 8 tt tien lang,"[{""row"": 245, ""section"": ""KINH_DOANH"", ""raw_label"": ""HPG 146 Khu 8, TT Tiên Lãng""}]",[]
9577402c-8142-52f5-a405-4328db6e319c,"178 Đông Thái, Vĩnh Bảo",178 dong thai vinh bao,,,MISSING,DS_Dia_chi_van_phong_FTEL_toan_quoc_upd_Foxeco.csv,246,be32c72f2b34aeabdcad21a26636d2473de1079ef5f5d35a9b7cc2a0e0a9525b,t,2026-07-23 07:41:34.052246+00,2026-07-23 07:41:34.052246+00,hpg 178 dong thai vinh bao,\N,\N,HPG,\N,FTELBUTDDT,KINH_DOANH,"HPG 178 Đông Thái, Vĩnh Bảo",HPG|178 dong thai vinh bao,"[{""row"": 246, ""section"": ""KINH_DOANH"", ""raw_label"": ""HPG 178 Đông Thái, Vĩnh Bảo""}]",[]
70876ce0-0f02-5b4e-8f28-be0cabc61466,"63 Khu 2, TT An Dương",63 khu 2 tt an duong,10.953975,106.734301,MISSING,DS_Dia_chi_van_phong_FTEL_toan_quoc_upd_Foxeco.csv,247,be32c72f2b34aeabdcad21a26636d2473de1079ef5f5d35a9b7cc2a0e0a9525b,t,2026-07-23 07:41:34.052246+00,2026-07-23 07:41:34.052246+00,hpg 63 khu 2 tt an duong,\N,\N,HPG,\N,FTELBUTDDT,KINH_DOANH,"HPG 63 Khu 2, TT An Dương",HPG|63 khu 2 tt an duong,"[{""row"": 247, ""section"": ""KINH_DOANH"", ""raw_label"": ""HPG 63 Khu 2, TT An Dương""}]",[]
44013b04-2e30-5fe4-bab6-d0d34e9ddf72,"Đầm Tràn, Thủy Nguyên",dam tran thuy nguyen,20.895857,106.669351,MISSING,DS_Dia_chi_van_phong_FTEL_toan_quoc_upd_Foxeco.csv,248,be32c72f2b34aeabdcad21a26636d2473de1079ef5f5d35a9b7cc2a0e0a9525b,t,2026-07-23 07:41:34.052246+00,2026-07-23 07:41:34.052246+00,hpg dam tran thuy nguyen,\N,\N,HPG,\N,FTELBUTDDT,KINH_DOANH,"HPG Đầm Tràn, Thủy Nguyên",HPG|dam tran thuy nguyen,"[{""row"": 248, ""section"": ""KINH_DOANH"", ""raw_label"": ""HPG Đầm Tràn, Thủy Nguyên""}]",[]
de00af40-f72b-56cf-9c80-e29418e06fe3,"Đường Ba Toa, Thủy Nguyên",duong ba toa thuy nguyen,20.886004,106.678572,MISSING,DS_Dia_chi_van_phong_FTEL_toan_quoc_upd_Foxeco.csv,249,be32c72f2b34aeabdcad21a26636d2473de1079ef5f5d35a9b7cc2a0e0a9525b,t,2026-07-23 07:41:34.052246+00,2026-07-23 07:41:34.052246+00,hpg duong ba toa thuy nguyen,\N,\N,HPG,\N,FTELBUTDDT,KINH_DOANH,"HPG Đường Ba Toa, Thủy Nguyên",HPG|duong ba toa thuy nguyen,"[{""row"": 249, ""section"": ""KINH_DOANH"", ""raw_label"": ""HPG Đường Ba Toa, Thủy Nguyên""}]",[]
05d9c452-9087-5545-9180-735d82b686f1,"Số 313 Bùi Viện, Lê Chân",so 313 bui vien le chan,20.837111,106.680875,MISSING,DS_Dia_chi_van_phong_FTEL_toan_quoc_upd_Foxeco.csv,250,be32c72f2b34aeabdcad21a26636d2473de1079ef5f5d35a9b7cc2a0e0a9525b,t,2026-07-23 07:41:34.052246+00,2026-07-23 07:41:34.052246+00,hpg so 313 bui vien le chan,\N,\N,HPG,\N,FTELBUTDDT,KINH_DOANH,"HPG Số 313 Bùi Viện, Lê Chân",HPG|so 313 bui vien le chan,"[{""row"": 250, ""section"": ""KINH_DOANH"", ""raw_label"": ""HPG Số 313 Bùi Viện, Lê Chân""}, {""row"": 17, ""section"": ""FTI_FPL"", ""raw_label"": ""HPG Số 313 Bùi Viện, Lê Chân""}]",[]
fd0c0130-c89e-52ba-80c5-129948057bae,Trung Hành,trung hanh,21.0122291,107.1857290,MISSING,DS_Dia_chi_van_phong_FTEL_toan_quoc_upd_Foxeco.csv,251,be32c72f2b34aeabdcad21a26636d2473de1079ef5f5d35a9b7cc2a0e0a9525b,t,2026-07-23 07:41:34.052246+00,2026-07-23 07:41:34.052246+00,hpg trung hanh,\N,\N,HPG,\N,FTELBUTDDT,KINH_DOANH,HPG Trung Hành,HPG|trung hanh,"[{""row"": 251, ""section"": ""KINH_DOANH"", ""raw_label"": ""HPG Trung Hành""}]",[]
082efb15-6db3-539b-84cb-4f588de9ae3d,"20 Nguyễn Du, Cam Lâm",20 nguyen du cam lam,12.052582,109.162806,MISSING,DS_Dia_chi_van_phong_FTEL_toan_quoc_upd_Foxeco.csv,253,be32c72f2b34aeabdcad21a26636d2473de1079ef5f5d35a9b7cc2a0e0a9525b,t,2026-07-23 07:41:34.052246+00,2026-07-23 07:41:34.052246+00,kha 20 nguyen du cam lam,\N,\N,KHA,\N,FTELBUTDDT,KINH_DOANH,"KHA 20 Nguyễn Du, Cam Lâm",KHA|20 nguyen du cam lam,"[{""row"": 253, ""section"": ""KINH_DOANH"", ""raw_label"": ""KHA 20 Nguyễn Du, Cam Lâm""}]",[]
39d318dd-06b5-5402-bd1c-fb3b267525e4,"23/10, Diên An, Diên Khánh",23 10 dien an dien khanh,10.8170764,106.7315493,MISSING,DS_Dia_chi_van_phong_FTEL_toan_quoc_upd_Foxeco.csv,254,be32c72f2b34aeabdcad21a26636d2473de1079ef5f5d35a9b7cc2a0e0a9525b,t,2026-07-23 07:41:34.052246+00,2026-07-23 07:41:34.052246+00,kha 23 10 dien an dien khanh,\N,\N,KHA,\N,FTELBUTDDT,KINH_DOANH,"KHA 23/10, Diên An, Diên Khánh",KHA|23 10 dien an dien khanh,"[{""row"": 254, ""section"": ""KINH_DOANH"", ""raw_label"": ""KHA 23/10, Diên An, Diên Khánh""}]","[""TRUNCATED_30""]"
2f494499-0c80-5df1-ac83-fa0336fc5a94,"3 NT Ngọc Oanh,Ninh Hòa",3 nt ngoc oanh ninh hoa,,,MISSING,DS_Dia_chi_van_phong_FTEL_toan_quoc_upd_Foxeco.csv,255,be32c72f2b34aeabdcad21a26636d2473de1079ef5f5d35a9b7cc2a0e0a9525b,t,2026-07-23 07:41:34.052246+00,2026-07-23 07:41:34.052246+00,kha 3 nt ngoc oanh ninh hoa,\N,\N,KHA,\N,FTELBUTDDT,KINH_DOANH,"KHA 3 NT Ngọc Oanh,Ninh Hòa",KHA|3 nt ngoc oanh ninh hoa,"[{""row"": 255, ""section"": ""KINH_DOANH"", ""raw_label"": ""KHA 3 NT Ngọc Oanh,Ninh Hòa""}]",[]
73e4c243-11b0-5716-8d22-052142e55526,"350 Hùng Vương, Vạn Ninh",350 hung vuong van ninh,21.5322798,107.9547368,MISSING,DS_Dia_chi_van_phong_FTEL_toan_quoc_upd_Foxeco.csv,256,be32c72f2b34aeabdcad21a26636d2473de1079ef5f5d35a9b7cc2a0e0a9525b,t,2026-07-23 07:41:34.052246+00,2026-07-23 07:41:34.052246+00,kha 350 hung vuong van ninh,\N,\N,KHA,\N,FTELBUTDDT,KINH_DOANH,"KHA 350 Hùng Vương, Vạn Ninh",KHA|350 hung vuong van ninh,"[{""row"": 256, ""section"": ""KINH_DOANH"", ""raw_label"": ""KHA 350 Hùng Vương, Vạn Ninh""}]",[]
b0cd07bc-4292-5e74-b733-13c1b85142f9,"42 Lê Thành Phương, K.Hòa",42 le thanh phuong k hoa,27.72449,76.72791,MISSING,DS_Dia_chi_van_phong_FTEL_toan_quoc_upd_Foxeco.csv,257,be32c72f2b34aeabdcad21a26636d2473de1079ef5f5d35a9b7cc2a0e0a9525b,t,2026-07-23 07:41:34.052246+00,2026-07-23 07:41:34.052246+00,kha 42 le thanh phuong k hoa,\N,\N,KHA,\N,FTELBUTDDT,KINH_DOANH,"KHA 42 Lê Thành Phương, K.Hòa",KHA|42 le thanh phuong k hoa,"[{""row"": 257, ""section"": ""KINH_DOANH"", ""raw_label"": ""KHA 42 Lê Thành Phương, K.Hòa""}, {""row"": 19, ""section"": ""FTI_FPL"", ""raw_label"": ""KHA 42 Lê Thành Phương, K.Hòa""}]",[]
2b77ef6e-721e-5c77-81ba-31474129b2b6,"467 Đường 3/4, Cam Ranh",467 duong 3 4 cam ranh,12.198214,109.206818,MISSING,DS_Dia_chi_van_phong_FTEL_toan_quoc_upd_Foxeco.csv,258,be32c72f2b34aeabdcad21a26636d2473de1079ef5f5d35a9b7cc2a0e0a9525b,t,2026-07-23 07:41:34.052246+00,2026-07-23 07:41:34.052246+00,kha 467 duong 3 4 cam ranh,\N,\N,KHA,\N,FTELBUTDDT,KINH_DOANH,"KHA 467 Đường 3/4, Cam Ranh",KHA|467 duong 3 4 cam ranh,"[{""row"": 258, ""section"": ""KINH_DOANH"", ""raw_label"": ""KHA 467 Đường 3/4, Cam Ranh""}]",[]
b57ce73d-362e-59d4-9803-77cbac90ebb5,TH22-32&STH22-33 ThíchQĐức,th22 32 sth22 33 thichqduc,13.9509018,100.4923724,MISSING,DS_Dia_chi_van_phong_FTEL_toan_quoc_upd_Foxeco.csv,259,be32c72f2b34aeabdcad21a26636d2473de1079ef5f5d35a9b7cc2a0e0a9525b,t,2026-07-23 07:41:34.052246+00,2026-07-23 07:41:34.052246+00,kha th22 32 sth22 33 thichqduc,\N,\N,KHA,\N,FTELBUTDDT,KINH_DOANH,KHA TH22-32&STH22-33 ThíchQĐức,KHA|th22 32 sth22 33 thichqduc,"[{""row"": 259, ""section"": ""KINH_DOANH"", ""raw_label"": ""KHA TH22-32&STH22-33 ThíchQĐức""}]","[""TRUNCATED_30""]"
cea515b3-05ae-53ed-ae82-57c13dd1a293,"152 Đường An Tiêm, Hà Khẩu",152 duong an tiem ha khau,20.9825868,106.9975340,MISSING,DS_Dia_chi_van_phong_FTEL_toan_quoc_upd_Foxeco.csv,261,be32c72f2b34aeabdcad21a26636d2473de1079ef5f5d35a9b7cc2a0e0a9525b,t,2026-07-23 07:41:34.052246+00,2026-07-23 07:41:34.052246+00,qnh 152 duong an tiem ha khau,\N,\N,QNH,\N,FTELBUTDDT,KINH_DOANH,"QNH 152 Đường An Tiêm, Hà Khẩu",QNH|152 duong an tiem ha khau,"[{""row"": 261, ""section"": ""KINH_DOANH"", ""raw_label"": ""QNH 152 Đường An Tiêm, Hà Khẩu""}]","[""TRUNCATED_30""]"
3352297f-5878-5f64-95b2-c66ca74fa111,"21 Lý Tự Trọng, Móng Cái",21 ly tu trong mong cai,21.5272631,107.9688388,MISSING,DS_Dia_chi_van_phong_FTEL_toan_quoc_upd_Foxeco.csv,262,be32c72f2b34aeabdcad21a26636d2473de1079ef5f5d35a9b7cc2a0e0a9525b,t,2026-07-23 07:41:34.052246+00,2026-07-23 07:41:34.052246+00,qnh 21 ly tu trong mong cai,\N,\N,QNH,\N,FTELBUTDDT,KINH_DOANH,"QNH 21 Lý Tự Trọng, Móng Cái",QNH|21 ly tu trong mong cai,"[{""row"": 262, ""section"": ""KINH_DOANH"", ""raw_label"": ""QNH 21 Lý Tự Trọng, Móng Cái""}]",[]
19691737-e182-5e95-8929-ffd17cfc8acc,"258 Quang Trung, Uông Bí",258 quang trung uong bi,21.0371297,106.7718265,MISSING,DS_Dia_chi_van_phong_FTEL_toan_quoc_upd_Foxeco.csv,263,be32c72f2b34aeabdcad21a26636d2473de1079ef5f5d35a9b7cc2a0e0a9525b,t,2026-07-23 07:41:34.052246+00,2026-07-23 07:41:34.052246+00,qnh 258 quang trung uong bi,\N,\N,QNH,\N,FTELBUTDDT,KINH_DOANH,"QNH 258 Quang Trung, Uông Bí",QNH|258 quang trung uong bi,"[{""row"": 263, ""section"": ""KINH_DOANH"", ""raw_label"": ""QNH 258 Quang Trung, Uông Bí""}]",[]
b2dea799-2342-5c29-a02d-f3385f9c4300,"34 Trần Hưng Đạo,Quảng Yên",34 tran hung dao quang yen,20.9419180,106.7960232,MISSING,DS_Dia_chi_van_phong_FTEL_toan_quoc_upd_Foxeco.csv,264,be32c72f2b34aeabdcad21a26636d2473de1079ef5f5d35a9b7cc2a0e0a9525b,t,2026-07-23 07:41:34.052246+00,2026-07-23 07:41:34.052246+00,qnh 34 tran hung dao quang yen,\N,\N,QNH,\N,FTELBUTDDT,KINH_DOANH,"QNH 34 Trần Hưng Đạo,Quảng Yên",QNH|34 tran hung dao quang yen,"[{""row"": 264, ""section"": ""KINH_DOANH"", ""raw_label"": ""QNH 34 Trần Hưng Đạo,Quảng Yên""}]","[""TRUNCATED_30""]"
d14b33d3-1944-58b7-a875-795e423e7603,"343 Khu 2, TT Ba Chẽ",343 khu 2 tt ba che,10.507484,107.198423,MISSING,DS_Dia_chi_van_phong_FTEL_toan_quoc_upd_Foxeco.csv,265,be32c72f2b34aeabdcad21a26636d2473de1079ef5f5d35a9b7cc2a0e0a9525b,t,2026-07-23 07:41:34.052246+00,2026-07-23 07:41:34.052246+00,qnh 343 khu 2 tt ba che,\N,\N,QNH,\N,FTELBUTDDT,KINH_DOANH,"QNH 343 Khu 2, TT Ba Chẽ",QNH|343 khu 2 tt ba che,"[{""row"": 265, ""section"": ""KINH_DOANH"", ""raw_label"": ""QNH 343 Khu 2, TT Ba Chẽ""}]",[]
01d07f9c-68a7-50f7-b88b-770e8559d6ae,"351-353 Ng.Văn Cừ, Hạ Long",351 353 ng van cu ha long,20.95111,107.08,MISSING,DS_Dia_chi_van_phong_FTEL_toan_quoc_upd_Foxeco.csv,266,be32c72f2b34aeabdcad21a26636d2473de1079ef5f5d35a9b7cc2a0e0a9525b,t,2026-07-23 07:41:34.052246+00,2026-07-23 07:41:34.052246+00,qnh 351 353 ng van cu ha long,\N,\N,QNH,\N,FTELBUTDDT,KINH_DOANH,"QNH 351-353 Ng.Văn Cừ, Hạ Long",QNH|351 353 ng van cu ha long,"[{""row"": 266, ""section"": ""KINH_DOANH"", ""raw_label"": ""QNH 351-353 Ng.Văn Cừ, Hạ Long""}]","[""TRUNCATED_30""]"
52e65e82-cd7d-51a4-861c-6bd8ae89dc04,"484 Trần Phú, Cẩm Phả",484 tran phu cam pha,21.0118865,107.2738020,MISSING,DS_Dia_chi_van_phong_FTEL_toan_quoc_upd_Foxeco.csv,267,be32c72f2b34aeabdcad21a26636d2473de1079ef5f5d35a9b7cc2a0e0a9525b,t,2026-07-23 07:41:34.052246+00,2026-07-23 07:41:34.052246+00,qnh 484 tran phu cam pha,\N,\N,QNH,\N,FTELBUTDDT,KINH_DOANH,"QNH 484 Trần Phú, Cẩm Phả",QNH|484 tran phu cam pha,"[{""row"": 267, ""section"": ""KINH_DOANH"", ""raw_label"": ""QNH 484 Trần Phú, Cẩm Phả""}]",[]
109b1ae3-d514-5fbe-b9fd-8c0bb7c17c15,"487 Lý Thường Kiệt,Cửa Ông",487 ly thuong kiet cua ong,21.0487850,107.3541794,MISSING,DS_Dia_chi_van_phong_FTEL_toan_quoc_upd_Foxeco.csv,268,be32c72f2b34aeabdcad21a26636d2473de1079ef5f5d35a9b7cc2a0e0a9525b,t,2026-07-23 07:41:34.052246+00,2026-07-23 07:41:34.052246+00,qnh 487 ly thuong kiet cua ong,\N,\N,QNH,\N,FTELBUTDDT,KINH_DOANH,"QNH 487 Lý Thường Kiệt,Cửa Ông",QNH|487 ly thuong kiet cua ong,"[{""row"": 268, ""section"": ""KINH_DOANH"", ""raw_label"": ""QNH 487 Lý Thường Kiệt,Cửa Ông""}]","[""TRUNCATED_30""]"
063dd7c5-a940-52db-a6d7-4ad4b362bf1a,"51 Nguyễn Du, Quảng Hà",51 nguyen du quang ha,21.4517430,107.7496447,MISSING,DS_Dia_chi_van_phong_FTEL_toan_quoc_upd_Foxeco.csv,269,be32c72f2b34aeabdcad21a26636d2473de1079ef5f5d35a9b7cc2a0e0a9525b,t,2026-07-23 07:41:34.052246+00,2026-07-23 07:41:34.052246+00,qnh 51 nguyen du quang ha,\N,\N,QNH,\N,FTELBUTDDT,KINH_DOANH,"QNH 51 Nguyễn Du, Quảng Hà",QNH|51 nguyen du quang ha,"[{""row"": 269, ""section"": ""KINH_DOANH"", ""raw_label"": ""QNH 51 Nguyễn Du, Quảng Hà""}]",[]
b18d0069-2893-5b42-9422-d509c37fb309,"633Khu Vĩnh Hòa,Đông Triều",633khu vinh hoa dong trieu,10.9986736,106.7895137,MISSING,DS_Dia_chi_van_phong_FTEL_toan_quoc_upd_Foxeco.csv,270,be32c72f2b34aeabdcad21a26636d2473de1079ef5f5d35a9b7cc2a0e0a9525b,t,2026-07-23 07:41:34.052246+00,2026-07-23 07:41:34.052246+00,qnh 633khu vinh hoa dong trieu,\N,\N,QNH,\N,FTELBUTDDT,KINH_DOANH,"QNH 633Khu Vĩnh Hòa,Đông Triều",QNH|633khu vinh hoa dong trieu,"[{""row"": 270, ""section"": ""KINH_DOANH"", ""raw_label"": ""QNH 633Khu Vĩnh Hòa,Đông Triều""}]","[""TRUNCATED_30""]"
c633c0cd-4863-5e58-98fe-a4b46c1de811,"Lê Hồng Phong, Đầm Hà",le hong phong dam ha,20.53074,105.64393,MISSING,DS_Dia_chi_van_phong_FTEL_toan_quoc_upd_Foxeco.csv,271,be32c72f2b34aeabdcad21a26636d2473de1079ef5f5d35a9b7cc2a0e0a9525b,t,2026-07-23 07:41:34.052246+00,2026-07-23 07:41:34.052246+00,qnh le hong phong dam ha,\N,\N,QNH,\N,FTELBUTDDT,KINH_DOANH,"QNH Lê Hồng Phong, Đầm Hà",QNH|le hong phong dam ha,"[{""row"": 271, ""section"": ""KINH_DOANH"", ""raw_label"": ""QNH Lê Hồng Phong, Đầm Hà""}]",[]
20ebf95f-36cf-5c15-923d-2454fabed13b,"Số 10 Đường 3/2, Xã Long Hải",so 10 duong 3 2 xa long hai,10.4072534,107.2250270,MISSING,DS_Dia_chi_van_phong_FTEL_toan_quoc_upd_Foxeco.csv,273,be32c72f2b34aeabdcad21a26636d2473de1079ef5f5d35a9b7cc2a0e0a9525b,t,2026-07-23 07:41:34.052246+00,2026-07-23 07:41:34.052246+00,hcm so 10 duong 3 2 xa long hai,\N,\N,HCM,\N,FTELBUTDDT,KINH_DOANH,"HCM Số 10 Đường 3/2, Xã Long Hải",HCM|so 10 duong 3 2 xa long hai,"[{""row"": 273, ""section"": ""KINH_DOANH"", ""raw_label"": ""HCM Số 10 Đường 3/2, Xã Long Hải""}]",[]
41a0f6ff-c073-59f1-b62e-070b9b131e17,186 Trương Công Định,186 truong cong dinh,10.7929084,106.6398178,MISSING,DS_Dia_chi_van_phong_FTEL_toan_quoc_upd_Foxeco.csv,274,be32c72f2b34aeabdcad21a26636d2473de1079ef5f5d35a9b7cc2a0e0a9525b,t,2026-07-23 07:41:34.052246+00,2026-07-23 07:41:34.052246+00,vtu 186 truong cong dinh,\N,\N,VTU,\N,FTELBUTDDT,KINH_DOANH,VTU 186 Trương Công Định,VTU|186 truong cong dinh,"[{""row"": 274, ""section"": ""KINH_DOANH"", ""raw_label"": ""VTU 186 Trương Công Định""}]",[]
ffc36829-46e5-5abb-924d-de392b4f98f3,"251Nguyễn Văn Linh, Bà Rịa",251nguyen van linh ba ria,10.5,107.16667,MISSING,DS_Dia_chi_van_phong_FTEL_toan_quoc_upd_Foxeco.csv,275,be32c72f2b34aeabdcad21a26636d2473de1079ef5f5d35a9b7cc2a0e0a9525b,t,2026-07-23 07:41:34.052246+00,2026-07-23 07:41:34.052246+00,vtu 251nguyen van linh ba ria,\N,\N,VTU,\N,FTELBUTDDT,KINH_DOANH,"VTU 251Nguyễn Văn Linh, Bà Rịa",VTU|251nguyen van linh ba ria,"[{""row"": 275, ""section"": ""KINH_DOANH"", ""raw_label"": ""VTU 251Nguyễn Văn Linh, Bà Rịa""}]","[""TRUNCATED_30""]"
8c46ff56-7f58-587c-a000-3c491a6a1a8f,"265 Lê Hồng Phong,Châu Đức",265 le hong phong chau duc,10.6482768,107.2413165,MISSING,DS_Dia_chi_van_phong_FTEL_toan_quoc_upd_Foxeco.csv,276,be32c72f2b34aeabdcad21a26636d2473de1079ef5f5d35a9b7cc2a0e0a9525b,t,2026-07-23 07:41:34.052246+00,2026-07-23 07:41:34.052246+00,vtu 265 le hong phong chau duc,\N,\N,VTU,\N,FTELBUTDDT,KINH_DOANH,"VTU 265 Lê Hồng Phong,Châu Đức",VTU|265 le hong phong chau duc,"[{""row"": 276, ""section"": ""KINH_DOANH"", ""raw_label"": ""VTU 265 Lê Hồng Phong,Châu Đức""}]","[""TRUNCATED_30""]"
4e2389c6-9004-50ac-970a-743746c747fb,"38 Hùng Vương, TX Phú Mỹ",38 hung vuong tx phu my,13.904102,108.929418,MISSING,DS_Dia_chi_van_phong_FTEL_toan_quoc_upd_Foxeco.csv,277,be32c72f2b34aeabdcad21a26636d2473de1079ef5f5d35a9b7cc2a0e0a9525b,t,2026-07-23 07:41:34.052246+00,2026-07-23 07:41:34.052246+00,vtu 38 hung vuong tx phu my,\N,\N,VTU,\N,FTELBUTDDT,KINH_DOANH,"VTU 38 Hùng Vương, TX Phú Mỹ",VTU|38 hung vuong tx phu my,"[{""row"": 277, ""section"": ""KINH_DOANH"", ""raw_label"": ""VTU 38 Hùng Vương, TX Phú Mỹ""}]",[]
535e5eec-5157-540b-babb-15b46f81019e,"568 Võ Văn Kiệt, TP Bà Rịa",568 vo van kiet tp ba ria,10.5094251,107.1970021,MISSING,DS_Dia_chi_van_phong_FTEL_toan_quoc_upd_Foxeco.csv,278,be32c72f2b34aeabdcad21a26636d2473de1079ef5f5d35a9b7cc2a0e0a9525b,t,2026-07-23 07:41:34.052246+00,2026-07-23 07:41:34.052246+00,vtu 568 vo van kiet tp ba ria,\N,\N,VTU,\N,FTELBUTDDT,KINH_DOANH,"VTU 568 Võ Văn Kiệt, TP Bà Rịa",VTU|568 vo van kiet tp ba ria,"[{""row"": 278, ""section"": ""KINH_DOANH"", ""raw_label"": ""VTU 568 Võ Văn Kiệt, TP Bà Rịa""}]","[""TRUNCATED_30""]"
cda5e2d9-0184-563e-871c-ba0baa69537e,"80QL55,Phước Hòa,Xuyên Mộc",80ql55 phuoc hoa xuyen moc,10.5374055,107.4047031,MISSING,DS_Dia_chi_van_phong_FTEL_toan_quoc_upd_Foxeco.csv,279,be32c72f2b34aeabdcad21a26636d2473de1079ef5f5d35a9b7cc2a0e0a9525b,t,2026-07-23 07:41:34.052246+00,2026-07-23 07:41:34.052246+00,vtu 80ql55 phuoc hoa xuyen moc,\N,\N,VTU,\N,FTELBUTDDT,KINH_DOANH,"VTU 80QL55,Phước Hòa,Xuyên Mộc",VTU|80ql55 phuoc hoa xuyen moc,"[{""row"": 279, ""section"": ""KINH_DOANH"", ""raw_label"": ""VTU 80QL55,Phước Hòa,Xuyên Mộc""}]","[""TRUNCATED_30""]"
192e45d2-8829-5b76-b3c4-d32c7e6989b9,"222 Quang Trung, Bồng Sơn",222 quang trung bong son,14.4151044,109.0157637,MISSING,DS_Dia_chi_van_phong_FTEL_toan_quoc_upd_Foxeco.csv,282,be32c72f2b34aeabdcad21a26636d2473de1079ef5f5d35a9b7cc2a0e0a9525b,t,2026-07-23 07:41:34.052246+00,2026-07-23 07:41:34.052246+00,bdh 222 quang trung bong son,\N,\N,BDH,\N,FTELBUTNMT,KINH_DOANH,"BDH 222 Quang Trung, Bồng Sơn",BDH|222 quang trung bong son,"[{""row"": 282, ""section"": ""KINH_DOANH"", ""raw_label"": ""BDH 222 Quang Trung, Bồng Sơn""}]",[]
a61e8dcf-868d-51f2-84cc-91be457dc21c,"302 Ngô Gia Tư,TX An Nhơn",302 ngo gia tu tx an nhon,13.888739,109.107622,MISSING,DS_Dia_chi_van_phong_FTEL_toan_quoc_upd_Foxeco.csv,283,be32c72f2b34aeabdcad21a26636d2473de1079ef5f5d35a9b7cc2a0e0a9525b,t,2026-07-23 07:41:34.052246+00,2026-07-23 07:41:34.052246+00,bdh 302 ngo gia tu tx an nhon,\N,\N,BDH,\N,FTELBUTNMT,KINH_DOANH,"BDH 302 Ngô Gia Tư,TX An Nhơn",BDH|302 ngo gia tu tx an nhon,"[{""row"": 283, ""section"": ""KINH_DOANH"", ""raw_label"": ""BDH 302 Ngô Gia Tư,TX An Nhơn""}]",[]
fa66b421-6554-5cff-b31d-d156d608fe6b,"383 Quang Trung, Phù Mỹ",383 quang trung phu my,14.1602540,109.0665067,MISSING,DS_Dia_chi_van_phong_FTEL_toan_quoc_upd_Foxeco.csv,284,be32c72f2b34aeabdcad21a26636d2473de1079ef5f5d35a9b7cc2a0e0a9525b,t,2026-07-23 07:41:34.052246+00,2026-07-23 07:41:34.052246+00,bdh 383 quang trung phu my,\N,\N,BDH,\N,FTELBUTNMT,KINH_DOANH,"BDH 383 Quang Trung, Phù Mỹ",BDH|383 quang trung phu my,"[{""row"": 284, ""section"": ""KINH_DOANH"", ""raw_label"": ""BDH 383 Quang Trung, Phù Mỹ""}]",[]
54b9e790-ffaa-5065-9b84-fe28463bd740,"94 Phạm Hùng, TP. Quy Nhơn",94 pham hung tp quy nhon,13.76667,109.23333,MISSING,DS_Dia_chi_van_phong_FTEL_toan_quoc_upd_Foxeco.csv,285,be32c72f2b34aeabdcad21a26636d2473de1079ef5f5d35a9b7cc2a0e0a9525b,t,2026-07-23 07:41:34.052246+00,2026-07-23 07:41:34.052246+00,bdh 94 pham hung tp quy nhon,\N,\N,BDH,\N,FTELBUTNMT,KINH_DOANH,"BDH 94 Phạm Hùng, TP. Quy Nhơn",BDH|94 pham hung tp quy nhon,"[{""row"": 285, ""section"": ""KINH_DOANH"", ""raw_label"": ""BDH 94 Phạm Hùng, TP. Quy Nhơn""}]","[""TRUNCATED_30""]"
5df96f65-0423-5bb2-baa4-25f1258d3c2c,"ĐH FPT, KĐT An Phú Thịnh",dh fpt kdt an phu thinh,13.888951,109.113149,MISSING,DS_Dia_chi_van_phong_FTEL_toan_quoc_upd_Foxeco.csv,286,be32c72f2b34aeabdcad21a26636d2473de1079ef5f5d35a9b7cc2a0e0a9525b,t,2026-07-23 07:41:34.052246+00,2026-07-23 07:41:34.052246+00,bdh dh fpt kdt an phu thinh,\N,\N,BDH,\N,FTELBUTNMT,KINH_DOANH,"BDH ĐH FPT, KĐT An Phú Thịnh",BDH|dh fpt kdt an phu thinh,"[{""row"": 286, ""section"": ""KINH_DOANH"", ""raw_label"": ""BDH ĐH FPT, KĐT An Phú Thịnh""}]",[]
e76fc00b-a927-5cce-ae52-e8bd203b1627,"TT Ngô Mây, Phù Cát",tt ngo may phu cat,13.9944636,109.0571611,MISSING,DS_Dia_chi_van_phong_FTEL_toan_quoc_upd_Foxeco.csv,287,be32c72f2b34aeabdcad21a26636d2473de1079ef5f5d35a9b7cc2a0e0a9525b,t,2026-07-23 07:41:34.052246+00,2026-07-23 07:41:34.052246+00,bdh tt ngo may phu cat,\N,\N,BDH,\N,FTELBUTNMT,KINH_DOANH,"BDH TT Ngô Mây, Phù Cát",BDH|tt ngo may phu cat,"[{""row"": 287, ""section"": ""KINH_DOANH"", ""raw_label"": ""BDH TT Ngô Mây, Phù Cát""}]",[]
f1d32b09-4e46-554e-a1ec-6e5da95f256c,"TT. Phú Phong, H. Tây Sơn",tt phu phong h tay son,13.9108421,108.9159460,MISSING,DS_Dia_chi_van_phong_FTEL_toan_quoc_upd_Foxeco.csv,288,be32c72f2b34aeabdcad21a26636d2473de1079ef5f5d35a9b7cc2a0e0a9525b,t,2026-07-23 07:41:34.052246+00,2026-07-23 07:41:34.052246+00,bdh tt phu phong h tay son,\N,\N,BDH,\N,FTELBUTNMT,KINH_DOANH,"BDH TT. Phú Phong, H. Tây Sơn",BDH|tt phu phong h tay son,"[{""row"": 288, ""section"": ""KINH_DOANH"", ""raw_label"": ""BDH TT. Phú Phong, H. Tây Sơn""}]",[]
b85e6e53-6ae3-5f8b-876d-181dcf9069b5,"Tuy Phước, Bình Định",tuy phuoc binh dinh,13.8706782,109.1887184,MISSING,DS_Dia_chi_van_phong_FTEL_toan_quoc_upd_Foxeco.csv,289,be32c72f2b34aeabdcad21a26636d2473de1079ef5f5d35a9b7cc2a0e0a9525b,t,2026-07-23 07:41:34.052246+00,2026-07-23 07:41:34.052246+00,bdh tuy phuoc binh dinh,\N,\N,BDH,\N,FTELBUTNMT,KINH_DOANH,"BDH Tuy Phước, Bình Định",BDH|tuy phuoc binh dinh,"[{""row"": 289, ""section"": ""KINH_DOANH"", ""raw_label"": ""BDH Tuy Phước, Bình Định""}]",[]
5d035384-c370-5844-82bf-a2b3197b6e47,"21A Hùng Vương, Đắk Mil",21a hung vuong dak mil,12.675311,108.047019,MISSING,DS_Dia_chi_van_phong_FTEL_toan_quoc_upd_Foxeco.csv,291,be32c72f2b34aeabdcad21a26636d2473de1079ef5f5d35a9b7cc2a0e0a9525b,t,2026-07-23 07:41:34.052246+00,2026-07-23 07:41:34.052246+00,dkn 21a hung vuong dak mil,\N,\N,DKN,\N,FTELBUTNMT,KINH_DOANH,"DKN 21A Hùng Vương, Đắk Mil",DKN|21a hung vuong dak mil,"[{""row"": 291, ""section"": ""KINH_DOANH"", ""raw_label"": ""DKN 21A Hùng Vương, Đắk Mil""}]",[]
cf02a74c-55dc-5f53-a498-8164e693ac0a,"83 Ng Tất Thành,TT.Eatling",83 ng tat thanh tt eatling,,,MISSING,DS_Dia_chi_van_phong_FTEL_toan_quoc_upd_Foxeco.csv,292,be32c72f2b34aeabdcad21a26636d2473de1079ef5f5d35a9b7cc2a0e0a9525b,t,2026-07-23 07:41:34.052246+00,2026-07-23 07:41:34.052246+00,dkn 83 ng tat thanh tt eatling,\N,\N,DKN,\N,FTELBUTNMT,KINH_DOANH,"DKN 83 Ng Tất Thành,TT.Eatling",DKN|83 ng tat thanh tt eatling,"[{""row"": 292, ""section"": ""KINH_DOANH"", ""raw_label"": ""DKN 83 Ng Tất Thành,TT.Eatling""}]","[""TRUNCATED_30""]"
afe0c51a-6c66-554a-b1fd-d50d378132ab,11 Trần Hưng Đạo,11 tran hung dao,21.8463423,106.7544534,MISSING,DS_Dia_chi_van_phong_FTEL_toan_quoc_upd_Foxeco.csv,293,be32c72f2b34aeabdcad21a26636d2473de1079ef5f5d35a9b7cc2a0e0a9525b,t,2026-07-23 07:41:34.052246+00,2026-07-23 07:41:34.052246+00,dlk 11 tran hung dao,\N,\N,DLK,\N,FTELBUTNMT,KINH_DOANH,DLK 11 Trần Hưng Đạo,DLK|11 tran hung dao,"[{""row"": 293, ""section"": ""KINH_DOANH"", ""raw_label"": ""DLK 11 Trần Hưng Đạo""}]",[]
46e6774a-593b-56bf-801a-8e676d955d37,"128Nguyễn Tất Thành,Ea Kar",128nguyen tat thanh ea kar,,,MISSING,DS_Dia_chi_van_phong_FTEL_toan_quoc_upd_Foxeco.csv,294,be32c72f2b34aeabdcad21a26636d2473de1079ef5f5d35a9b7cc2a0e0a9525b,t,2026-07-23 07:41:34.052246+00,2026-07-23 07:41:34.052246+00,dlk 128nguyen tat thanh ea kar,\N,\N,DLK,\N,FTELBUTNMT,KINH_DOANH,"DLK 128Nguyễn Tất Thành,Ea Kar",DLK|128nguyen tat thanh ea kar,"[{""row"": 294, ""section"": ""KINH_DOANH"", ""raw_label"": ""DLK 128Nguyễn Tất Thành,Ea Kar""}]","[""TRUNCATED_30""]"
85a239f7-281d-5200-93d3-545c1e7ff9d6,24 Lê Chân,24 le chan,20.8450107,106.6763960,MISSING,DS_Dia_chi_van_phong_FTEL_toan_quoc_upd_Foxeco.csv,295,be32c72f2b34aeabdcad21a26636d2473de1079ef5f5d35a9b7cc2a0e0a9525b,t,2026-07-23 07:41:34.052246+00,2026-07-23 07:41:34.052246+00,dlk 24 le chan,\N,\N,DLK,\N,FTELBUTNMT,KINH_DOANH,DLK 24 Lê Chân,DLK|24 le chan,"[{""row"": 295, ""section"": ""KINH_DOANH"", ""raw_label"": ""DLK 24 Lê Chân""}]",[]
4306b225-28e8-5fbc-bdd6-761e1d2e2be2,"560 G.Phóng,P.An,Krông Pắc",560 g phong p an krong pac,-34.777584,-55.225242,MISSING,DS_Dia_chi_van_phong_FTEL_toan_quoc_upd_Foxeco.csv,296,be32c72f2b34aeabdcad21a26636d2473de1079ef5f5d35a9b7cc2a0e0a9525b,t,2026-07-23 07:41:34.052246+00,2026-07-23 07:41:34.052246+00,dlk 560 g phong p an krong pac,\N,\N,DLK,\N,FTELBUTNMT,KINH_DOANH,"DLK 560 G.Phóng,P.An,Krông Pắc",DLK|560 g phong p an krong pac,"[{""row"": 296, ""section"": ""KINH_DOANH"", ""raw_label"": ""DLK 560 G.Phóng,P.An,Krông Pắc""}]","[""TRUNCATED_30""]"
5ab515ae-29d2-5fae-9de7-53d6fa461138,"749 Hùng Vương, Buôn Hồ",749 hung vuong buon ho,12.8677440,108.2557236,MISSING,DS_Dia_chi_van_phong_FTEL_toan_quoc_upd_Foxeco.csv,297,be32c72f2b34aeabdcad21a26636d2473de1079ef5f5d35a9b7cc2a0e0a9525b,t,2026-07-23 07:41:34.052246+00,2026-07-23 07:41:34.052246+00,dlk 749 hung vuong buon ho,\N,\N,DLK,\N,FTELBUTNMT,KINH_DOANH,"DLK 749 Hùng Vương, Buôn Hồ",DLK|749 hung vuong buon ho,"[{""row"": 297, ""section"": ""KINH_DOANH"", ""raw_label"": ""DLK 749 Hùng Vương, Buôn Hồ""}]",[]
a0e2ec19-dc00-5c1c-9f86-146994b13129,"09 Lê Hồng Phong,TX Ayunpa",09 le hong phong tx ayunpa,,,MISSING,DS_Dia_chi_van_phong_FTEL_toan_quoc_upd_Foxeco.csv,299,be32c72f2b34aeabdcad21a26636d2473de1079ef5f5d35a9b7cc2a0e0a9525b,t,2026-07-23 07:41:34.052246+00,2026-07-23 07:41:34.052246+00,gli 09 le hong phong tx ayunpa,\N,\N,GLI,\N,FTELBUTNMT,KINH_DOANH,"GLI 09 Lê Hồng Phong,TX Ayunpa",GLI|09 le hong phong tx ayunpa,"[{""row"": 299, ""section"": ""KINH_DOANH"", ""raw_label"": ""GLI 09 Lê Hồng Phong,TX Ayunpa""}]","[""TRUNCATED_30""]"
e491bc19-a35f-5750-8991-1cdf1013aed3,"150 Bùi Thị Xuân,TX An Khê",150 bui thi xuan tx an khe,10.940308,106.764587,MISSING,DS_Dia_chi_van_phong_FTEL_toan_quoc_upd_Foxeco.csv,300,be32c72f2b34aeabdcad21a26636d2473de1079ef5f5d35a9b7cc2a0e0a9525b,t,2026-07-23 07:41:34.052246+00,2026-07-23 07:41:34.052246+00,gli 150 bui thi xuan tx an khe,\N,\N,GLI,\N,FTELBUTNMT,KINH_DOANH,"GLI 150 Bùi Thị Xuân,TX An Khê",GLI|150 bui thi xuan tx an khe,"[{""row"": 300, ""section"": ""KINH_DOANH"", ""raw_label"": ""GLI 150 Bùi Thị Xuân,TX An Khê""}]","[""TRUNCATED_30""]"
c4d76d50-690b-5447-b52c-5d497db10151,33/9 Trần Quang Diệu,33 9 tran quang dieu,13.7863520,109.1482711,MISSING,DS_Dia_chi_van_phong_FTEL_toan_quoc_upd_Foxeco.csv,301,be32c72f2b34aeabdcad21a26636d2473de1079ef5f5d35a9b7cc2a0e0a9525b,t,2026-07-23 07:41:34.052246+00,2026-07-23 07:41:34.052246+00,gli 33 9 tran quang dieu,\N,\N,GLI,\N,FTELBUTNMT,KINH_DOANH,GLI 33/9 Trần Quang Diệu,GLI|33 9 tran quang dieu,"[{""row"": 301, ""section"": ""KINH_DOANH"", ""raw_label"": ""GLI 33/9 Trần Quang Diệu""}]",[]
c15cd89c-74d1-513c-b1b1-1b80e592c19a,"67 Tăng Bạt Hổ, TP Pleiku",67 tang bat ho tp pleiku,13.979919,107.992169,MISSING,DS_Dia_chi_van_phong_FTEL_toan_quoc_upd_Foxeco.csv,302,be32c72f2b34aeabdcad21a26636d2473de1079ef5f5d35a9b7cc2a0e0a9525b,t,2026-07-23 07:41:34.052246+00,2026-07-23 07:41:34.052246+00,gli 67 tang bat ho tp pleiku,\N,\N,GLI,\N,FTELBUTNMT,KINH_DOANH,"GLI 67 Tăng Bạt Hổ, TP Pleiku",GLI|67 tang bat ho tp pleiku,"[{""row"": 302, ""section"": ""KINH_DOANH"", ""raw_label"": ""GLI 67 Tăng Bạt Hổ, TP Pleiku""}]",[]
ee7897a1-ad7e-588d-8bf5-4c4b99be6df3,"881 Hùng Vương, Chư Sê",881 hung vuong chu se,13.7263687,108.0587892,MISSING,DS_Dia_chi_van_phong_FTEL_toan_quoc_upd_Foxeco.csv,303,be32c72f2b34aeabdcad21a26636d2473de1079ef5f5d35a9b7cc2a0e0a9525b,t,2026-07-23 07:41:34.052246+00,2026-07-23 07:41:34.052246+00,gli 881 hung vuong chu se,\N,\N,GLI,\N,FTELBUTNMT,KINH_DOANH,"GLI 881 Hùng Vương, Chư Sê",GLI|881 hung vuong chu se,"[{""row"": 303, ""section"": ""KINH_DOANH"", ""raw_label"": ""GLI 881 Hùng Vương, Chư Sê""}]",[]
c21a50a4-2452-5ea3-b9cc-c51f26408b1d,"TDP 7, TT Chư Sê, H Chư Sê",tdp 7 tt chu se h chu se,1.427634,103.703438,MISSING,DS_Dia_chi_van_phong_FTEL_toan_quoc_upd_Foxeco.csv,304,be32c72f2b34aeabdcad21a26636d2473de1079ef5f5d35a9b7cc2a0e0a9525b,t,2026-07-23 07:41:34.052246+00,2026-07-23 07:41:34.052246+00,gli tdp 7 tt chu se h chu se,\N,\N,GLI,\N,FTELBUTNMT,KINH_DOANH,"GLI TDP 7, TT Chư Sê, H Chư Sê",GLI|tdp 7 tt chu se h chu se,"[{""row"": 304, ""section"": ""KINH_DOANH"", ""raw_label"": ""GLI TDP 7, TT Chư Sê, H Chư Sê""}]","[""TRUNCATED_30""]"
bd22cf85-f6e1-541f-becd-ef495e4d4504,"09 Nguyễn Trãi, Thuận Hòa",09 nguyen trai thuan hoa,16.4679340,107.5723802,MISSING,DS_Dia_chi_van_phong_FTEL_toan_quoc_upd_Foxeco.csv,306,be32c72f2b34aeabdcad21a26636d2473de1079ef5f5d35a9b7cc2a0e0a9525b,t,2026-07-23 07:41:34.052246+00,2026-07-23 07:41:34.052246+00,hue 09 nguyen trai thuan hoa,\N,\N,HUE,\N,FTELBUTNMT,KINH_DOANH,"HUE 09 Nguyễn Trãi, Thuận Hòa",HUE|09 nguyen trai thuan hoa,"[{""row"": 306, ""section"": ""KINH_DOANH"", ""raw_label"": ""HUE 09 Nguyễn Trãi, Thuận Hòa""}]",[]
9641a321-bdd1-5468-a734-e44e6615bf45,"133 Lý Thánh Tông, Phú Lộc",133 ly thanh tong phu loc,16.2744585,107.8663048,MISSING,DS_Dia_chi_van_phong_FTEL_toan_quoc_upd_Foxeco.csv,307,be32c72f2b34aeabdcad21a26636d2473de1079ef5f5d35a9b7cc2a0e0a9525b,t,2026-07-23 07:41:34.052246+00,2026-07-23 07:41:34.052246+00,hue 133 ly thanh tong phu loc,\N,\N,HUE,\N,FTELBUTNMT,KINH_DOANH,"HUE 133 Lý Thánh Tông, Phú Lộc",HUE|133 ly thanh tong phu loc,"[{""row"": 307, ""section"": ""KINH_DOANH"", ""raw_label"": ""HUE 133 Lý Thánh Tông, Phú Lộc""}]","[""TRUNCATED_30""]"
cde7975d-313b-5a37-85b2-c1e2491fbe59,"46 Phạm Hồng Thái, TT Huế",46 pham hong thai tt hue,16.464531,107.589511,MISSING,DS_Dia_chi_van_phong_FTEL_toan_quoc_upd_Foxeco.csv,308,be32c72f2b34aeabdcad21a26636d2473de1079ef5f5d35a9b7cc2a0e0a9525b,t,2026-07-23 07:41:34.052246+00,2026-07-23 07:41:34.052246+00,hue 46 pham hong thai tt hue,\N,\N,HUE,\N,FTELBUTNMT,KINH_DOANH,"HUE 46 Phạm Hồng Thái, TT Huế",HUE|46 pham hong thai tt hue,"[{""row"": 308, ""section"": ""KINH_DOANH"", ""raw_label"": ""HUE 46 Phạm Hồng Thái, TT Huế""}]",[]
818f7611-3a0f-53a6-9c89-14154e1b8b68,72 Phạm Văn Đồng,72 pham van dong,10.8353994,106.7298427,MISSING,DS_Dia_chi_van_phong_FTEL_toan_quoc_upd_Foxeco.csv,309,be32c72f2b34aeabdcad21a26636d2473de1079ef5f5d35a9b7cc2a0e0a9525b,t,2026-07-23 07:41:34.052246+00,2026-07-23 07:41:34.052246+00,hue 72 pham van dong,\N,\N,HUE,\N,FTELBUTNMT,KINH_DOANH,HUE 72 Phạm Văn Đồng,HUE|72 pham van dong,"[{""row"": 309, ""section"": ""KINH_DOANH"", ""raw_label"": ""HUE 72 Phạm Văn Đồng""}]",[]
3e7f8a4f-b246-5eb4-a97f-f5b8eee8dfbc,128 Phan Chu Trinh,128 phan chu trinh,21.0208397,105.8558574,MISSING,DS_Dia_chi_van_phong_FTEL_toan_quoc_upd_Foxeco.csv,311,be32c72f2b34aeabdcad21a26636d2473de1079ef5f5d35a9b7cc2a0e0a9525b,t,2026-07-23 07:41:34.052246+00,2026-07-23 07:41:34.052246+00,ktm 128 phan chu trinh,\N,\N,KTM,\N,FTELBUTNMT,KINH_DOANH,KTM 128 Phan Chu Trinh,KTM|128 phan chu trinh,"[{""row"": 311, ""section"": ""KINH_DOANH"", ""raw_label"": ""KTM 128 Phan Chu Trinh""}]",[]
56bcfd92-e97a-580c-bf31-3c94a7d87555,"TT Pleikần, Ngọc Hồi",tt pleikan ngoc hoi,8.602026,104.761163,MISSING,DS_Dia_chi_van_phong_FTEL_toan_quoc_upd_Foxeco.csv,312,be32c72f2b34aeabdcad21a26636d2473de1079ef5f5d35a9b7cc2a0e0a9525b,t,2026-07-23 07:41:34.052246+00,2026-07-23 07:41:34.052246+00,ktm tt pleikan ngoc hoi,\N,\N,KTM,\N,FTELBUTNMT,KINH_DOANH,"KTM TT Pleikần, Ngọc Hồi",KTM|tt pleikan ngoc hoi,"[{""row"": 312, ""section"": ""KINH_DOANH"", ""raw_label"": ""KTM TT Pleikần, Ngọc Hồi""}]",[]
9abb71d2-a386-5fef-bde6-942906b8d0e2,"78 Hoàng Hoa Thám,Sông Cầu",78 hoang hoa tham song cau,13.4613818,109.2186082,MISSING,DS_Dia_chi_van_phong_FTEL_toan_quoc_upd_Foxeco.csv,314,be32c72f2b34aeabdcad21a26636d2473de1079ef5f5d35a9b7cc2a0e0a9525b,t,2026-07-23 07:41:34.052246+00,2026-07-23 07:41:34.052246+00,pyn 78 hoang hoa tham song cau,\N,\N,PYN,\N,FTELBUTNMT,KINH_DOANH,"PYN 78 Hoàng Hoa Thám,Sông Cầu",PYN|78 hoang hoa tham song cau,"[{""row"": 314, ""section"": ""KINH_DOANH"", ""raw_label"": ""PYN 78 Hoàng Hoa Thám,Sông Cầu""}]","[""TRUNCATED_30""]"
65951043-42b6-5615-8128-c43a9904c441,"A11 KĐT Hưng Phú, Tuy Hòa",a11 kdt hung phu tuy hoa,,,MISSING,DS_Dia_chi_van_phong_FTEL_toan_quoc_upd_Foxeco.csv,315,be32c72f2b34aeabdcad21a26636d2473de1079ef5f5d35a9b7cc2a0e0a9525b,t,2026-07-23 07:41:34.052246+00,2026-07-23 07:41:34.052246+00,pyn a11 kdt hung phu tuy hoa,\N,\N,PYN,\N,FTELBUTNMT,KINH_DOANH,"PYN A11 KĐT Hưng Phú, Tuy Hòa",PYN|a11 kdt hung phu tuy hoa,"[{""row"": 315, ""section"": ""KINH_DOANH"", ""raw_label"": ""PYN A11 KĐT Hưng Phú, Tuy Hòa""}]",[]
2f03a747-ed21-51e6-8544-1318769f66f5,"Đông Hòa, Phú Yên",dong hoa phu yen,12.9544757,109.3488538,MISSING,DS_Dia_chi_van_phong_FTEL_toan_quoc_upd_Foxeco.csv,316,be32c72f2b34aeabdcad21a26636d2473de1079ef5f5d35a9b7cc2a0e0a9525b,t,2026-07-23 07:41:34.052246+00,2026-07-23 07:41:34.052246+00,pyn dong hoa phu yen,\N,\N,PYN,\N,FTELBUTNMT,KINH_DOANH,"PYN Đông Hòa, Phú Yên",PYN|dong hoa phu yen,"[{""row"": 316, ""section"": ""KINH_DOANH"", ""raw_label"": ""PYN Đông Hòa, Phú Yên""}]",[]
8de5aba8-3d04-5e37-920f-cf393ddaefe7,"144 Hùng Vương, Ba Đồn",144 hung vuong ba don,17.7542077,106.4279138,MISSING,DS_Dia_chi_van_phong_FTEL_toan_quoc_upd_Foxeco.csv,318,be32c72f2b34aeabdcad21a26636d2473de1079ef5f5d35a9b7cc2a0e0a9525b,t,2026-07-23 07:41:34.052246+00,2026-07-23 07:41:34.052246+00,qbh 144 hung vuong ba don,\N,\N,QBH,\N,FTELBUTNMT,KINH_DOANH,"QBH 144 Hùng Vương, Ba Đồn",QBH|144 hung vuong ba don,"[{""row"": 318, ""section"": ""KINH_DOANH"", ""raw_label"": ""QBH 144 Hùng Vương, Ba Đồn""}]",[]
0ae2c1eb-bea6-5379-b02c-019ac2a42e1b,"Đ.Minh Mạng, TDP 15 Bắc Lý",d minh mang tdp 15 bac ly,20.6,105.98333,MISSING,DS_Dia_chi_van_phong_FTEL_toan_quoc_upd_Foxeco.csv,319,be32c72f2b34aeabdcad21a26636d2473de1079ef5f5d35a9b7cc2a0e0a9525b,t,2026-07-23 07:41:34.052246+00,2026-07-23 07:41:34.052246+00,qbh d minh mang tdp 15 bac ly,\N,\N,QBH,\N,FTELBUTNMT,KINH_DOANH,"QBH Đ.Minh Mạng, TDP 15 Bắc Lý",QBH|d minh mang tdp 15 bac ly,"[{""row"": 319, ""section"": ""KINH_DOANH"", ""raw_label"": ""QBH Đ.Minh Mạng, TDP 15 Bắc Lý""}]","[""TRUNCATED_30""]"
dfce3af7-91fd-5438-8498-95271ac1da36,"Nguyễn Tất Thành, Lệ Thủy",nguyen tat thanh le thuy,17.2274288,106.7974905,MISSING,DS_Dia_chi_van_phong_FTEL_toan_quoc_upd_Foxeco.csv,320,be32c72f2b34aeabdcad21a26636d2473de1079ef5f5d35a9b7cc2a0e0a9525b,t,2026-07-23 07:41:34.052246+00,2026-07-23 07:41:34.052246+00,qbh nguyen tat thanh le thuy,\N,\N,QBH,\N,FTELBUTNMT,KINH_DOANH,"QBH Nguyễn Tất Thành, Lệ Thủy",QBH|nguyen tat thanh le thuy,"[{""row"": 320, ""section"": ""KINH_DOANH"", ""raw_label"": ""QBH Nguyễn Tất Thành, Lệ Thủy""}]",[]
cbd39ddf-b889-58f8-84da-2c61e88599b3,"Thôn 6, Lộc Ninh, Đồng Hới",thon 6 loc ninh dong hoi,17.5,106.63333,MISSING,DS_Dia_chi_van_phong_FTEL_toan_quoc_upd_Foxeco.csv,321,be32c72f2b34aeabdcad21a26636d2473de1079ef5f5d35a9b7cc2a0e0a9525b,t,2026-07-23 07:41:34.052246+00,2026-07-23 07:41:34.052246+00,qbh thon 6 loc ninh dong hoi,\N,\N,QBH,\N,FTELBUTNMT,KINH_DOANH,"QBH Thôn 6, Lộc Ninh, Đồng Hới",QBH|thon 6 loc ninh dong hoi,"[{""row"": 321, ""section"": ""KINH_DOANH"", ""raw_label"": ""QBH Thôn 6, Lộc Ninh, Đồng Hới""}]","[""TRUNCATED_30""]"
67661188-e503-5de6-9260-da786c5a8eef,249 Phan Bội Châu,249 phan boi chau,12.6817811,108.0340146,MISSING,DS_Dia_chi_van_phong_FTEL_toan_quoc_upd_Foxeco.csv,323,be32c72f2b34aeabdcad21a26636d2473de1079ef5f5d35a9b7cc2a0e0a9525b,t,2026-07-23 07:41:34.052246+00,2026-07-23 07:41:34.052246+00,qni 249 phan boi chau,\N,\N,QNI,\N,FTELBUTNMT,KINH_DOANH,QNI 249 Phan Bội Châu,QNI|249 phan boi chau,"[{""row"": 323, ""section"": ""KINH_DOANH"", ""raw_label"": ""QNI 249 Phan Bội Châu""}]",[]
4353464d-53b6-506d-ae19-b0bba7bb08db,"Ngã 3 Trà Bồng, Bình Sơn",nga 3 tra bong binh son,15.2913800,108.7454698,MISSING,DS_Dia_chi_van_phong_FTEL_toan_quoc_upd_Foxeco.csv,324,be32c72f2b34aeabdcad21a26636d2473de1079ef5f5d35a9b7cc2a0e0a9525b,t,2026-07-23 07:41:34.052246+00,2026-07-23 07:41:34.052246+00,qni nga 3 tra bong binh son,\N,\N,QNI,\N,FTELBUTNMT,KINH_DOANH,"QNI Ngã 3 Trà Bồng, Bình Sơn",QNI|nga 3 tra bong binh son,"[{""row"": 324, ""section"": ""KINH_DOANH"", ""raw_label"": ""QNI Ngã 3 Trà Bồng, Bình Sơn""}]",[]
bb0c5efc-33bc-5798-814a-348f5bc040bd,"Phước Thịnh, Mỏ Cày",phuoc thinh mo cay,14.9859953,108.8803191,MISSING,DS_Dia_chi_van_phong_FTEL_toan_quoc_upd_Foxeco.csv,325,be32c72f2b34aeabdcad21a26636d2473de1079ef5f5d35a9b7cc2a0e0a9525b,t,2026-07-23 07:41:34.052246+00,2026-07-23 07:41:34.052246+00,qni phuoc thinh mo cay,\N,\N,QNI,\N,FTELBUTNMT,KINH_DOANH,"QNI Phước Thịnh, Mỏ Cày",QNI|phuoc thinh mo cay,"[{""row"": 325, ""section"": ""KINH_DOANH"", ""raw_label"": ""QNI Phước Thịnh, Mỏ Cày""}]",[]
64d4951f-56c1-535f-9396-884017aac8a8,"490 HBT, Tân An, Hội An",490 hbt tan an hoi an,15.61667,108.5,MISSING,DS_Dia_chi_van_phong_FTEL_toan_quoc_upd_Foxeco.csv,327,be32c72f2b34aeabdcad21a26636d2473de1079ef5f5d35a9b7cc2a0e0a9525b,t,2026-07-23 07:41:34.052246+00,2026-07-23 07:41:34.052246+00,qnm 490 hbt tan an hoi an,\N,\N,QNM,\N,FTELBUTNMT,KINH_DOANH,"QNM 490 HBT, Tân An, Hội An",QNM|490 hbt tan an hoi an,"[{""row"": 327, ""section"": ""KINH_DOANH"", ""raw_label"": ""QNM 490 HBT, Tân An, Hội An""}]",[]
8ce47908-7219-5df1-9213-838b31273266,"511 Phan Bội Châu, Tam Kỳ",511 phan boi chau tam ky,20.8566441,106.6701617,MISSING,DS_Dia_chi_van_phong_FTEL_toan_quoc_upd_Foxeco.csv,328,be32c72f2b34aeabdcad21a26636d2473de1079ef5f5d35a9b7cc2a0e0a9525b,t,2026-07-23 07:41:34.052246+00,2026-07-23 07:41:34.052246+00,qnm 511 phan boi chau tam ky,\N,\N,QNM,\N,FTELBUTNMT,KINH_DOANH,"QNM 511 Phan Bội Châu, Tam Kỳ",QNM|511 phan boi chau tam ky,"[{""row"": 328, ""section"": ""KINH_DOANH"", ""raw_label"": ""QNM 511 Phan Bội Châu, Tam Kỳ""}]",[]
3f552ad3-ddce-5239-8593-23253bbf4806,"540 Hai Bà Trưng,TP Hội An",540 hai ba trung tp hoi an,15.8920580,108.3306007,MISSING,DS_Dia_chi_van_phong_FTEL_toan_quoc_upd_Foxeco.csv,329,be32c72f2b34aeabdcad21a26636d2473de1079ef5f5d35a9b7cc2a0e0a9525b,t,2026-07-23 07:41:34.052246+00,2026-07-23 07:41:34.052246+00,qnm 540 hai ba trung tp hoi an,\N,\N,QNM,\N,FTELBUTNMT,KINH_DOANH,"QNM 540 Hai Bà Trưng,TP Hội An",QNM|540 hai ba trung tp hoi an,"[{""row"": 329, ""section"": ""KINH_DOANH"", ""raw_label"": ""QNM 540 Hai Bà Trưng,TP Hội An""}]","[""TRUNCATED_30""]"
06ef5cf5-213d-5a9b-8875-2ab5f9878f89,"QL1A TT Hương An, Quế Sơn",ql1a tt huong an que son,,,MISSING,DS_Dia_chi_van_phong_FTEL_toan_quoc_upd_Foxeco.csv,330,be32c72f2b34aeabdcad21a26636d2473de1079ef5f5d35a9b7cc2a0e0a9525b,t,2026-07-23 07:41:34.052246+00,2026-07-23 07:41:34.052246+00,qnm ql1a tt huong an que son,\N,\N,QNM,\N,FTELBUTNMT,KINH_DOANH,"QNM QL1A TT Hương An, Quế Sơn",QNM|ql1a tt huong an que son,"[{""row"": 330, ""section"": ""KINH_DOANH"", ""raw_label"": ""QNM QL1A TT Hương An, Quế Sơn""}]",[]
e48864e9-f468-576e-a34d-a84dfe84ff81,"TT Ái Nghĩa, Đại Lộc",tt ai nghia dai loc,11.640224,107.742311,MISSING,DS_Dia_chi_van_phong_FTEL_toan_quoc_upd_Foxeco.csv,331,be32c72f2b34aeabdcad21a26636d2473de1079ef5f5d35a9b7cc2a0e0a9525b,t,2026-07-23 07:41:34.052246+00,2026-07-23 07:41:34.052246+00,qnm tt ai nghia dai loc,\N,\N,QNM,\N,FTELBUTNMT,KINH_DOANH,"QNM TT Ái Nghĩa, Đại Lộc",QNM|tt ai nghia dai loc,"[{""row"": 331, ""section"": ""KINH_DOANH"", ""raw_label"": ""QNM TT Ái Nghĩa, Đại Lộc""}]",[]
a67c25ca-cf2d-5afb-a70d-0dbb0a3558e9,"20 Lê Lợi, P5, Đông Hà",20 le loi p5 dong ha,16.728016,107.145391,MISSING,DS_Dia_chi_van_phong_FTEL_toan_quoc_upd_Foxeco.csv,333,be32c72f2b34aeabdcad21a26636d2473de1079ef5f5d35a9b7cc2a0e0a9525b,t,2026-07-23 07:41:34.052246+00,2026-07-23 07:41:34.052246+00,qti 20 le loi p5 dong ha,\N,\N,QTI,\N,FTELBUTNMT,KINH_DOANH,"QTI 20 Lê Lợi, P5, Đông Hà",QTI|20 le loi p5 dong ha,"[{""row"": 333, ""section"": ""KINH_DOANH"", ""raw_label"": ""QTI 20 Lê Lợi, P5, Đông Hà""}]",[]
5128dc1f-00ae-52eb-aa73-489627112638,"14Đg23, Linh Chiểu,Thủ Đức",14dg23 linh chieu thu duc,,,MISSING,DS_Dia_chi_van_phong_FTEL_toan_quoc_upd_Foxeco.csv,336,be32c72f2b34aeabdcad21a26636d2473de1079ef5f5d35a9b7cc2a0e0a9525b,t,2026-07-23 07:41:34.052246+00,2026-07-23 07:41:34.052246+00,hcm 14dg23 linh chieu thu duc,\N,\N,HCM,SG01,FTELBUHCM,KINH_DOANH,"HCM 14Đg23, Linh Chiểu,Thủ Đức",HCM|14dg23 linh chieu thu duc,"[{""row"": 336, ""section"": ""KINH_DOANH"", ""raw_label"": ""HCM 14Đg23, Linh Chiểu,Thủ Đức""}]","[""TRUNCATED_30""]"
bc621ca7-4d07-5d08-a904-e0010b93a72f,"288 Nguyễn DuyTrinh,ThủĐức",288 nguyen duytrinh thuduc,,,MISSING,DS_Dia_chi_van_phong_FTEL_toan_quoc_upd_Foxeco.csv,337,be32c72f2b34aeabdcad21a26636d2473de1079ef5f5d35a9b7cc2a0e0a9525b,t,2026-07-23 07:41:34.052246+00,2026-07-23 07:41:34.052246+00,hcm 288 nguyen duytrinh thuduc,\N,\N,HCM,SG01,FTELBUHCM,KINH_DOANH,"HCM 288 Nguyễn DuyTrinh,ThủĐức",HCM|288 nguyen duytrinh thuduc,"[{""row"": 337, ""section"": ""KINH_DOANH"", ""raw_label"": ""HCM 288 Nguyễn DuyTrinh,ThủĐức""}]","[""TRUNCATED_30""]"
52595f1c-b1ea-5ca6-b3fc-ad3077857931,"385 Man Thiện,TN Phú A,Q.9",385 man thien tn phu a q 9,36.576542,-87.424726,MISSING,DS_Dia_chi_van_phong_FTEL_toan_quoc_upd_Foxeco.csv,338,be32c72f2b34aeabdcad21a26636d2473de1079ef5f5d35a9b7cc2a0e0a9525b,t,2026-07-23 07:41:34.052246+00,2026-07-23 07:41:34.052246+00,hcm 385 man thien tn phu a q 9,\N,\N,HCM,SG01,FTELBUHCM,KINH_DOANH,"HCM 385 Man Thiện,TN Phú A,Q.9",HCM|385 man thien tn phu a q 9,"[{""row"": 338, ""section"": ""KINH_DOANH"", ""raw_label"": ""HCM 385 Man Thiện,TN Phú A,Q.9""}]","[""TRUNCATED_30""]"
aa9f5386-e4f1-5a76-a723-7d1de4a985ce,"66 Hoàng Diệu 2, Q.TD",66 hoang dieu 2 q td,,,MISSING,DS_Dia_chi_van_phong_FTEL_toan_quoc_upd_Foxeco.csv,339,be32c72f2b34aeabdcad21a26636d2473de1079ef5f5d35a9b7cc2a0e0a9525b,t,2026-07-23 07:41:34.052246+00,2026-07-23 07:41:34.052246+00,hcm 66 hoang dieu 2 q td,\N,\N,HCM,SG01,FTELBUHCM,KINH_DOANH,"HCM 66 Hoàng Diệu 2, Q.TD",HCM|66 hoang dieu 2 q td,"[{""row"": 339, ""section"": ""KINH_DOANH"", ""raw_label"": ""HCM 66 Hoàng Diệu 2, Q.TD""}]",[]
f14a3d93-3830-547c-92f4-8611c65c8140,"208 Phạm Văn Chí, Phường 4",208 pham van chi phuong 4,10.7468555,106.6507926,MISSING,DS_Dia_chi_van_phong_FTEL_toan_quoc_upd_Foxeco.csv,341,be32c72f2b34aeabdcad21a26636d2473de1079ef5f5d35a9b7cc2a0e0a9525b,t,2026-07-23 07:41:34.052246+00,2026-07-23 07:41:34.052246+00,hcm 208 pham van chi phuong 4,\N,\N,HCM,SG02,FTELBUHCM,KINH_DOANH,"HCM 208 Phạm Văn Chí, Phường 4",HCM|208 pham van chi phuong 4,"[{""row"": 341, ""section"": ""KINH_DOANH"", ""raw_label"": ""HCM 208 Phạm Văn Chí, Phường 4""}]","[""TRUNCATED_30""]"
893c4754-3821-5e5f-a8e9-aee9337d83db,"42 Dương Quang Đông, P5,Q8",42 duong quang dong p5 q8,38.096858,-122.273152,MISSING,DS_Dia_chi_van_phong_FTEL_toan_quoc_upd_Foxeco.csv,342,be32c72f2b34aeabdcad21a26636d2473de1079ef5f5d35a9b7cc2a0e0a9525b,t,2026-07-23 07:41:34.052246+00,2026-07-23 07:41:34.052246+00,hcm 42 duong quang dong p5 q8,\N,\N,HCM,SG02,FTELBUHCM,KINH_DOANH,"HCM 42 Dương Quang Đông, P5,Q8",HCM|42 duong quang dong p5 q8,"[{""row"": 342, ""section"": ""KINH_DOANH"", ""raw_label"": ""HCM 42 Dương Quang Đông, P5,Q8""}, {""row"": 467, ""section"": ""KINH_DOANH"", ""raw_label"": ""HCM 42 Dương Quang Đông, P5,Q8""}]","[""TRUNCATED_30""]"
27ba4372-a9c7-58d9-82c4-a35f642978d6,340E-340F Hoàng Văn Thụ,340e 340f hoang van thu,10.833315,105.660447,MISSING,DS_Dia_chi_van_phong_FTEL_toan_quoc_upd_Foxeco.csv,344,be32c72f2b34aeabdcad21a26636d2473de1079ef5f5d35a9b7cc2a0e0a9525b,t,2026-07-23 07:41:34.052246+00,2026-07-23 07:41:34.052246+00,hcm 340e 340f hoang van thu,\N,\N,HCM,SG03,FTELBUHCM,KINH_DOANH,HCM 340E-340F Hoàng Văn Thụ,HCM|340e 340f hoang van thu,"[{""row"": 344, ""section"": ""KINH_DOANH"", ""raw_label"": ""HCM 340E-340F Hoàng Văn Thụ""}]",[]
08c6fe05-84b3-5851-bf42-aa37616f926e,"61 Vườn Lài, Q Tân Phú",61 vuon lai q tan phu,,,MISSING,DS_Dia_chi_van_phong_FTEL_toan_quoc_upd_Foxeco.csv,345,be32c72f2b34aeabdcad21a26636d2473de1079ef5f5d35a9b7cc2a0e0a9525b,t,2026-07-23 07:41:34.052246+00,2026-07-23 07:41:34.052246+00,hcm 61 vuon lai q tan phu,\N,\N,HCM,SG03,FTELBUHCM,KINH_DOANH,"HCM 61 Vườn Lài, Q Tân Phú",HCM|61 vuon lai q tan phu,"[{""row"": 345, ""section"": ""KINH_DOANH"", ""raw_label"": ""HCM 61 Vườn Lài, Q Tân Phú""}]",[]
a7e146af-790d-5b6c-82ef-5d4248b5efed,"96/1D Hòa Bình, Tân Phú",96 1d hoa binh tan phu,10.7702157,106.6320717,MISSING,DS_Dia_chi_van_phong_FTEL_toan_quoc_upd_Foxeco.csv,346,be32c72f2b34aeabdcad21a26636d2473de1079ef5f5d35a9b7cc2a0e0a9525b,t,2026-07-23 07:41:34.052246+00,2026-07-23 07:41:34.052246+00,hcm 96 1d hoa binh tan phu,\N,\N,HCM,SG03,FTELBUHCM,KINH_DOANH,"HCM 96/1D Hòa Bình, Tân Phú",HCM|96 1d hoa binh tan phu,"[{""row"": 346, ""section"": ""KINH_DOANH"", ""raw_label"": ""HCM 96/1D Hòa Bình, Tân Phú""}]",[]
76ae8d0e-4ab4-5b8d-bd50-a562ac6b064e,124 Sương Nguyệt Ánh,124 suong nguyet anh,11.9496395,108.4546174,MISSING,DS_Dia_chi_van_phong_FTEL_toan_quoc_upd_Foxeco.csv,348,be32c72f2b34aeabdcad21a26636d2473de1079ef5f5d35a9b7cc2a0e0a9525b,t,2026-07-23 07:41:34.052246+00,2026-07-23 07:41:34.052246+00,hcm 124 suong nguyet anh,\N,\N,HCM,SG04,FTELBUHCM,KINH_DOANH,HCM 124 Sương Nguyệt Ánh,HCM|124 suong nguyet anh,"[{""row"": 348, ""section"": ""KINH_DOANH"", ""raw_label"": ""HCM 124 Sương Nguyệt Ánh""}, {""row"": 368, ""section"": ""KINH_DOANH"", ""raw_label"": ""HCM 124 Sương Nguyệt Ánh""}, {""row"": 373, ""section"": ""KINH_DOANH"", ""raw_label"": ""HCM 124 Sương Nguyệt Ánh""}]",[]
f85b4df3-d464-50d1-8243-96b949614747,"9/2 HHThám, P.6,Bình Thạnh",9 2 hhtham p 6 binh thanh,13.35,109.25,MISSING,DS_Dia_chi_van_phong_FTEL_toan_quoc_upd_Foxeco.csv,349,be32c72f2b34aeabdcad21a26636d2473de1079ef5f5d35a9b7cc2a0e0a9525b,t,2026-07-23 07:41:34.052246+00,2026-07-23 07:41:34.052246+00,hcm 9 2 hhtham p 6 binh thanh,\N,\N,HCM,SG04,FTELBUHCM,KINH_DOANH,"HCM 9/2 HHThám, P.6,Bình Thạnh",HCM|9 2 hhtham p 6 binh thanh,"[{""row"": 349, ""section"": ""KINH_DOANH"", ""raw_label"": ""HCM 9/2 HHThám, P.6,Bình Thạnh""}, {""row"": 370, ""section"": ""KINH_DOANH"", ""raw_label"": ""HCM 9/2 HHThám, P.6,Bình Thạnh""}]","[""TRUNCATED_30""]"
602a3e73-3be0-58af-a340-328273c48b25,"148 Đào Cử, Cần Giờ",148 dao cu can gio,10.4060023,106.9564851,MISSING,DS_Dia_chi_van_phong_FTEL_toan_quoc_upd_Foxeco.csv,351,be32c72f2b34aeabdcad21a26636d2473de1079ef5f5d35a9b7cc2a0e0a9525b,t,2026-07-23 07:41:34.052246+00,2026-07-23 07:41:34.052246+00,hcm 148 dao cu can gio,\N,\N,HCM,SG06,FTELBUHCM,KINH_DOANH,"HCM 148 Đào Cử, Cần Giờ",HCM|148 dao cu can gio,"[{""row"": 351, ""section"": ""KINH_DOANH"", ""raw_label"": ""HCM 148 Đào Cử, Cần Giờ""}, {""row"": 365, ""section"": ""KINH_DOANH"", ""raw_label"": ""HCM 148 Đào Cử, Cần Giờ""}]",[]
482e6ba4-d840-577d-bebd-fe3e93b51601,"408, TL 8, TT Củ Chi",408 tl 8 tt cu chi,10.861547,106.686118,MISSING,DS_Dia_chi_van_phong_FTEL_toan_quoc_upd_Foxeco.csv,353,be32c72f2b34aeabdcad21a26636d2473de1079ef5f5d35a9b7cc2a0e0a9525b,t,2026-07-23 07:41:34.052246+00,2026-07-23 07:41:34.052246+00,hcm 408 tl 8 tt cu chi,\N,\N,HCM,SG07,FTELBUHCM,KINH_DOANH,"HCM 408, TL 8, TT Củ Chi",HCM|408 tl 8 tt cu chi,"[{""row"": 353, ""section"": ""KINH_DOANH"", ""raw_label"": ""HCM 408, TL 8, TT Củ Chi""}]",[]
669d3b54-7146-5e75-bc21-d721cab5728a,"1015 Phan Văn Trị,P7,GòVấp",1015 phan van tri p7 govap,,,MISSING,DS_Dia_chi_van_phong_FTEL_toan_quoc_upd_Foxeco.csv,355,be32c72f2b34aeabdcad21a26636d2473de1079ef5f5d35a9b7cc2a0e0a9525b,t,2026-07-23 07:41:34.052246+00,2026-07-23 07:41:34.052246+00,hcm 1015 phan van tri p7 govap,\N,\N,HCM,SG08,FTELBUHCM,KINH_DOANH,"HCM 1015 Phan Văn Trị,P7,GòVấp",HCM|1015 phan van tri p7 govap,"[{""row"": 355, ""section"": ""KINH_DOANH"", ""raw_label"": ""HCM 1015 Phan Văn Trị,P7,GòVấp""}]","[""TRUNCATED_30""]"
98bbbfb5-6da4-5216-85cf-707808320401,"156 Lê Văn Khương,Q12",156 le van khuong q12,10.8849672,106.6481251,MISSING,DS_Dia_chi_van_phong_FTEL_toan_quoc_upd_Foxeco.csv,356,be32c72f2b34aeabdcad21a26636d2473de1079ef5f5d35a9b7cc2a0e0a9525b,t,2026-07-23 07:41:34.052246+00,2026-07-23 07:41:34.052246+00,hcm 156 le van khuong q12,\N,\N,HCM,SG08,FTELBUHCM,KINH_DOANH,"HCM 156 Lê Văn Khương,Q12",HCM|156 le van khuong q12,"[{""row"": 356, ""section"": ""KINH_DOANH"", ""raw_label"": ""HCM 156 Lê Văn Khương,Q12""}]",[]
c3e90c67-828c-56aa-8f83-3a56d0972d10,"63/1 Bà Triệu, Hóc Môn",63 1 ba trieu hoc mon,10.8847909,106.5950533,MISSING,DS_Dia_chi_van_phong_FTEL_toan_quoc_upd_Foxeco.csv,358,be32c72f2b34aeabdcad21a26636d2473de1079ef5f5d35a9b7cc2a0e0a9525b,t,2026-07-23 07:41:34.052246+00,2026-07-23 07:41:34.052246+00,hcm 63 1 ba trieu hoc mon,\N,\N,HCM,SG09,FTELBUHCM,KINH_DOANH,"HCM 63/1 Bà Triệu, Hóc Môn",HCM|63 1 ba trieu hoc mon,"[{""row"": 358, ""section"": ""KINH_DOANH"", ""raw_label"": ""HCM 63/1 Bà Triệu, Hóc Môn""}]",[]
d9ff8a47-746c-5387-bec2-c99d2884b8ca,"B11B/13C Võ Văn Vân,BC",b11b 13c vo van van bc,49.2819,-123.11874,MISSING,DS_Dia_chi_van_phong_FTEL_toan_quoc_upd_Foxeco.csv,360,be32c72f2b34aeabdcad21a26636d2473de1079ef5f5d35a9b7cc2a0e0a9525b,t,2026-07-23 07:41:34.052246+00,2026-07-23 07:41:34.052246+00,hcm b11b 13c vo van van bc,\N,\N,HCM,SG10,FTELBUHCM,KINH_DOANH,"HCM B11B/13C Võ Văn Vân,BC",HCM|b11b 13c vo van van bc,"[{""row"": 360, ""section"": ""KINH_DOANH"", ""raw_label"": ""HCM B11B/13C Võ Văn Vân,BC""}]",[]
2f94ebbf-864a-5e71-8f0a-ccd6e1462c7d,"E6/160 QL 50, Bình Chánh",e6 160 ql 50 binh chanh,17.474889,106.589244,MISSING,DS_Dia_chi_van_phong_FTEL_toan_quoc_upd_Foxeco.csv,361,be32c72f2b34aeabdcad21a26636d2473de1079ef5f5d35a9b7cc2a0e0a9525b,t,2026-07-23 07:41:34.052246+00,2026-07-23 07:41:34.052246+00,hcm e6 160 ql 50 binh chanh,\N,\N,HCM,SG10,FTELBUHCM,KINH_DOANH,"HCM E6/160 QL 50, Bình Chánh",HCM|e6 160 ql 50 binh chanh,"[{""row"": 361, ""section"": ""KINH_DOANH"", ""raw_label"": ""HCM E6/160 QL 50, Bình Chánh""}]",[]
1d5d13fc-df07-5b87-8f3a-17ae25faa19b,"303B Lê Văn Quới, BTĐ",303b le van quoi btd,,,MISSING,DS_Dia_chi_van_phong_FTEL_toan_quoc_upd_Foxeco.csv,363,be32c72f2b34aeabdcad21a26636d2473de1079ef5f5d35a9b7cc2a0e0a9525b,t,2026-07-23 07:41:34.052246+00,2026-07-23 07:41:34.052246+00,hcm 303b le van quoi btd,\N,\N,HCM,SG11,FTELBUHCM,KINH_DOANH,"HCM 303B Lê Văn Quới, BTĐ",HCM|303b le van quoi btd,"[{""row"": 363, ""section"": ""KINH_DOANH"", ""raw_label"": ""HCM 303B Lê Văn Quới, BTĐ""}]",[]
4ba66407-e36a-5729-981f-3284fdb6f076,198 Lâm Văn Bền Q7,198 lam van ben q7,10.7481374,106.7158591,MISSING,DS_Dia_chi_van_phong_FTEL_toan_quoc_upd_Foxeco.csv,366,be32c72f2b34aeabdcad21a26636d2473de1079ef5f5d35a9b7cc2a0e0a9525b,t,2026-07-23 07:41:34.052246+00,2026-07-23 07:41:34.052246+00,hcm 198 lam van ben q7,\N,\N,HCM,SG16,FTELBUHCM,KINH_DOANH,HCM 198 Lâm Văn Bền Q7,HCM|198 lam van ben q7,"[{""row"": 366, ""section"": ""KINH_DOANH"", ""raw_label"": ""HCM 198 Lâm Văn Bền Q7""}]",[]
bbd13c62-0029-5e0a-a3b0-d2995a7a7990,"202 Ngô Gia Tự, P.4, Q.10",202 ngo gia tu p 4 q 10,,,MISSING,DS_Dia_chi_van_phong_FTEL_toan_quoc_upd_Foxeco.csv,369,be32c72f2b34aeabdcad21a26636d2473de1079ef5f5d35a9b7cc2a0e0a9525b,t,2026-07-23 07:41:34.052246+00,2026-07-23 07:41:34.052246+00,hcm 202 ngo gia tu p 4 q 10,\N,\N,HCM,SGDA,FTELBUHCM,KINH_DOANH,"HCM 202 Ngô Gia Tự, P.4, Q.10",HCM|202 ngo gia tu p 4 q 10,"[{""row"": 369, ""section"": ""KINH_DOANH"", ""raw_label"": ""HCM 202 Ngô Gia Tự, P.4, Q.10""}]",[]
93459967-e8d1-5ed7-a8d6-c81af4c530c7,L29B-31B-33B KCX Tân Thuận,l29b 31b 33b kcx tan thuan,,,MISSING,DS_Dia_chi_van_phong_FTEL_toan_quoc_upd_Foxeco.csv,371,be32c72f2b34aeabdcad21a26636d2473de1079ef5f5d35a9b7cc2a0e0a9525b,t,2026-07-23 07:41:34.052246+00,2026-07-23 07:41:34.052246+00,hcm l29b 31b 33b kcx tan thuan,\N,\N,HCM,SGDA,FTELBUHCM,KINH_DOANH,HCM L29B-31B-33B KCX Tân Thuận,HCM|l29b 31b 33b kcx tan thuan,"[{""row"": 371, ""section"": ""KINH_DOANH"", ""raw_label"": ""HCM L29B-31B-33B KCX Tân Thuận""}, {""row"": 12, ""section"": ""HO"", ""raw_label"": ""HCM L29B-31B-33B KCX Tân Thuận""}, {""row"": 5, ""section"": ""FTI_FPL"", ""raw_label"": ""HCM L29B-31B-33B KCX Tân Thuận""}, {""row"": 13, ""section"": ""FTI_FPL"", ""raw_label"": ""HCM L29B-31B-33B KCX Tân Thuận""}]","[""TRUNCATED_30""]"
b03af9d8-74a0-5f3c-a482-9353a0691631,"170 Thống Nhất, Lagi",170 thong nhat lagi,,,MISSING,DS_Dia_chi_van_phong_FTEL_toan_quoc_upd_Foxeco.csv,376,be32c72f2b34aeabdcad21a26636d2473de1079ef5f5d35a9b7cc2a0e0a9525b,t,2026-07-23 07:41:34.052246+00,2026-07-23 07:41:34.052246+00,btn 170 thong nhat lagi,\N,\N,BTN,\N,FTELBUDNB,KINH_DOANH,"BTN 170 Thống Nhất, Lagi",BTN|170 thong nhat lagi,"[{""row"": 376, ""section"": ""KINH_DOANH"", ""raw_label"": ""BTN 170 Thống Nhất, Lagi""}]",[]
cad0917f-fbcd-517f-acfc-2f936e94a802,"59 Quang Trung, Tuy Phong",59 quang trung tuy phong,13.61798,109.23105,MISSING,DS_Dia_chi_van_phong_FTEL_toan_quoc_upd_Foxeco.csv,377,be32c72f2b34aeabdcad21a26636d2473de1079ef5f5d35a9b7cc2a0e0a9525b,t,2026-07-23 07:41:34.052246+00,2026-07-23 07:41:34.052246+00,btn 59 quang trung tuy phong,\N,\N,BTN,\N,FTELBUDNB,KINH_DOANH,"BTN 59 Quang Trung, Tuy Phong",BTN|59 quang trung tuy phong,"[{""row"": 377, ""section"": ""KINH_DOANH"", ""raw_label"": ""BTN 59 Quang Trung, Tuy Phong""}]",[]
dc0e1010-eeca-5c36-88d5-51157a52d17d,"59 Thủ Khoa Huân, Ph Thiết",59 thu khoa huan ph thiet,10.9323374,108.1059722,MISSING,DS_Dia_chi_van_phong_FTEL_toan_quoc_upd_Foxeco.csv,378,be32c72f2b34aeabdcad21a26636d2473de1079ef5f5d35a9b7cc2a0e0a9525b,t,2026-07-23 07:41:34.052246+00,2026-07-23 07:41:34.052246+00,btn 59 thu khoa huan ph thiet,\N,\N,BTN,\N,FTELBUDNB,KINH_DOANH,"BTN 59 Thủ Khoa Huân, Ph Thiết",BTN|59 thu khoa huan ph thiet,"[{""row"": 378, ""section"": ""KINH_DOANH"", ""raw_label"": ""BTN 59 Thủ Khoa Huân, Ph Thiết""}]","[""TRUNCATED_30""]"
bf13108a-ea15-5040-895d-e057575b1ac6,"407-409 CMT8,Võ Xu,Đức Linh",407 409 cmt8 vo xu duc linh,,,MISSING,DS_Dia_chi_van_phong_FTEL_toan_quoc_upd_Foxeco.csv,379,be32c72f2b34aeabdcad21a26636d2473de1079ef5f5d35a9b7cc2a0e0a9525b,t,2026-07-23 07:41:34.052246+00,2026-07-23 07:41:34.052246+00,btn 407 409 cmt8 vo xu duc linh,\N,\N,BTN,\N,FTELBUDNB,KINH_DOANH,"BTN407-409 CMT8,Võ Xu,Đức Linh",BTN|407 409 cmt8 vo xu duc linh,"[{""row"": 379, ""section"": ""KINH_DOANH"", ""raw_label"": ""BTN407-409 CMT8,Võ Xu,Đức Linh""}]","[""MALFORMED_PREFIX_NO_SPACE"", ""TRUNCATED_30""]"
d7245736-fc1f-56ce-8ff1-13e6e75b8a20,"142 Hùng Vương, P2, Tân An",142 hung vuong p2 tan an,10.2344486,106.3754152,MISSING,DS_Dia_chi_van_phong_FTEL_toan_quoc_upd_Foxeco.csv,381,be32c72f2b34aeabdcad21a26636d2473de1079ef5f5d35a9b7cc2a0e0a9525b,t,2026-07-23 07:41:34.052246+00,2026-07-23 07:41:34.052246+00,lan 142 hung vuong p2 tan an,\N,\N,LAN,\N,FTELBUDNB,KINH_DOANH,"LAN 142 Hùng Vương, P2, Tân An",LAN|142 hung vuong p2 tan an,"[{""row"": 381, ""section"": ""KINH_DOANH"", ""raw_label"": ""LAN 142 Hùng Vương, P2, Tân An""}]","[""TRUNCATED_30""]"
91c26f77-58b4-5d37-af62-2c0008e6063d,"155 Ấp Bình Tả 1, Đức Hòa",155 ap binh ta 1 duc hoa,11.2185851,106.4571997,MISSING,DS_Dia_chi_van_phong_FTEL_toan_quoc_upd_Foxeco.csv,382,be32c72f2b34aeabdcad21a26636d2473de1079ef5f5d35a9b7cc2a0e0a9525b,t,2026-07-23 07:41:34.052246+00,2026-07-23 07:41:34.052246+00,lan 155 ap binh ta 1 duc hoa,\N,\N,LAN,\N,FTELBUDNB,KINH_DOANH,"LAN 155 Ấp Bình Tả 1, Đức Hòa",LAN|155 ap binh ta 1 duc hoa,"[{""row"": 382, ""section"": ""KINH_DOANH"", ""raw_label"": ""LAN 155 Ấp Bình Tả 1, Đức Hòa""}]",[]
96c68103-6011-56e4-a232-5208a560c1b0,"19A Khu K, KDC Thạnh Đức",19a khu k kdc thanh duc,14.68333,109.08333,MISSING,DS_Dia_chi_van_phong_FTEL_toan_quoc_upd_Foxeco.csv,383,be32c72f2b34aeabdcad21a26636d2473de1079ef5f5d35a9b7cc2a0e0a9525b,t,2026-07-23 07:41:34.052246+00,2026-07-23 07:41:34.052246+00,lan 19a khu k kdc thanh duc,\N,\N,LAN,\N,FTELBUDNB,KINH_DOANH,"LAN 19A Khu K, KDC Thạnh Đức",LAN|19a khu k kdc thanh duc,"[{""row"": 383, ""section"": ""KINH_DOANH"", ""raw_label"": ""LAN 19A Khu K, KDC Thạnh Đức""}]",[]
60e9bb51-d263-5b89-a096-b97d3f36321d,"23 Trương Văn Lang,Long An",23 truong van lang long an,23.175714,107.693482,MISSING,DS_Dia_chi_van_phong_FTEL_toan_quoc_upd_Foxeco.csv,384,be32c72f2b34aeabdcad21a26636d2473de1079ef5f5d35a9b7cc2a0e0a9525b,t,2026-07-23 07:41:34.052246+00,2026-07-23 07:41:34.052246+00,lan 23 truong van lang long an,\N,\N,LAN,\N,FTELBUDNB,KINH_DOANH,"LAN 23 Trương Văn Lang,Long An",LAN|23 truong van lang long an,"[{""row"": 384, ""section"": ""KINH_DOANH"", ""raw_label"": ""LAN 23 Trương Văn Lang,Long An""}]","[""TRUNCATED_30""]"
1e372286-7fff-5ec5-bd3c-e9458a23889c,"80 TL 835, Ấp Hòa Thuận 1",80 tl 835 ap hoa thuan 1,,,MISSING,DS_Dia_chi_van_phong_FTEL_toan_quoc_upd_Foxeco.csv,385,be32c72f2b34aeabdcad21a26636d2473de1079ef5f5d35a9b7cc2a0e0a9525b,t,2026-07-23 07:41:34.052246+00,2026-07-23 07:41:34.052246+00,lan 80 tl 835 ap hoa thuan 1,\N,\N,LAN,\N,FTELBUDNB,KINH_DOANH,"LAN 80 TL 835, Ấp Hòa Thuận 1",LAN|80 tl 835 ap hoa thuan 1,"[{""row"": 385, ""section"": ""KINH_DOANH"", ""raw_label"": ""LAN 80 TL 835, Ấp Hòa Thuận 1""}]",[]
381ffb87-654a-54a5-84f8-47e0e51ca9f3,"Hậu Nghĩa, Đức Hòa",hau nghia duc hoa,10.8840655,106.3981240,MISSING,DS_Dia_chi_van_phong_FTEL_toan_quoc_upd_Foxeco.csv,386,be32c72f2b34aeabdcad21a26636d2473de1079ef5f5d35a9b7cc2a0e0a9525b,t,2026-07-23 07:41:34.052246+00,2026-07-23 07:41:34.052246+00,lan hau nghia duc hoa,\N,\N,LAN,\N,FTELBUDNB,KINH_DOANH,"LAN Hậu Nghĩa, Đức Hòa",LAN|hau nghia duc hoa,"[{""row"": 386, ""section"": ""KINH_DOANH"", ""raw_label"": ""LAN Hậu Nghĩa, Đức Hòa""}]",[]
c25eacb6-4dad-575d-9346-3b2968a77fed,"104A Phan ĐìnhPhùng,BảoLộc",104a phan dinhphung baoloc,,,MISSING,DS_Dia_chi_van_phong_FTEL_toan_quoc_upd_Foxeco.csv,388,be32c72f2b34aeabdcad21a26636d2473de1079ef5f5d35a9b7cc2a0e0a9525b,t,2026-07-23 07:41:34.052246+00,2026-07-23 07:41:34.052246+00,ldg 104a phan dinhphung baoloc,\N,\N,LDG,\N,FTELBUDNB,KINH_DOANH,"LDG 104A Phan ĐìnhPhùng,BảoLộc",LDG|104a phan dinhphung baoloc,"[{""row"": 388, ""section"": ""KINH_DOANH"", ""raw_label"": ""LDG 104A Phan ĐìnhPhùng,BảoLộc""}]","[""TRUNCATED_30""]"
6090c485-8915-5e53-9754-a1bbacc5c10b,"21 2/4,Liên Nghĩa,Đ.Trọng",21 2 4 lien nghia d trong,16.052519,108.165675,MISSING,DS_Dia_chi_van_phong_FTEL_toan_quoc_upd_Foxeco.csv,389,be32c72f2b34aeabdcad21a26636d2473de1079ef5f5d35a9b7cc2a0e0a9525b,t,2026-07-23 07:41:34.052246+00,2026-07-23 07:41:34.052246+00,ldg 21 2 4 lien nghia d trong,\N,\N,LDG,\N,FTELBUDNB,KINH_DOANH,"LDG 21 2/4,Liên Nghĩa,Đ.Trọng",LDG|21 2 4 lien nghia d trong,"[{""row"": 389, ""section"": ""KINH_DOANH"", ""raw_label"": ""LDG 21 2/4,Liên Nghĩa,Đ.Trọng""}]",[]
d49811ab-52fb-5c9a-9368-b7ed99cdfa56,"283 Đường 2/4,Đơn Dương",283 duong 2 4 don duong,10.893367,106.733762,MISSING,DS_Dia_chi_van_phong_FTEL_toan_quoc_upd_Foxeco.csv,390,be32c72f2b34aeabdcad21a26636d2473de1079ef5f5d35a9b7cc2a0e0a9525b,t,2026-07-23 07:41:34.052246+00,2026-07-23 07:41:34.052246+00,ldg 283 duong 2 4 don duong,\N,\N,LDG,\N,FTELBUDNB,KINH_DOANH,"LDG 283 Đường 2/4,Đơn Dương",LDG|283 duong 2 4 don duong,"[{""row"": 390, ""section"": ""KINH_DOANH"", ""raw_label"": ""LDG 283 Đường 2/4,Đơn Dương""}]",[]
42977d67-9f43-51d1-b918-c818d082b88c,"36 Pasteur, Đà Lạt",36 pasteur da lat,11.9362760,108.4289572,MISSING,DS_Dia_chi_van_phong_FTEL_toan_quoc_upd_Foxeco.csv,391,be32c72f2b34aeabdcad21a26636d2473de1079ef5f5d35a9b7cc2a0e0a9525b,t,2026-07-23 07:41:34.052246+00,2026-07-23 07:41:34.052246+00,ldg 36 pasteur da lat,\N,\N,LDG,\N,FTELBUDNB,KINH_DOANH,"LDG 36 Pasteur, Đà Lạt",LDG|36 pasteur da lat,"[{""row"": 391, ""section"": ""KINH_DOANH"", ""raw_label"": ""LDG 36 Pasteur, Đà Lạt""}]",[]
a76c28b9-c859-55d5-a7c2-1a9861cd7ac0,"532 Hùng Vương, Di Linh",532 hung vuong di linh,11.5788658,108.0756529,MISSING,DS_Dia_chi_van_phong_FTEL_toan_quoc_upd_Foxeco.csv,392,be32c72f2b34aeabdcad21a26636d2473de1079ef5f5d35a9b7cc2a0e0a9525b,t,2026-07-23 07:41:34.052246+00,2026-07-23 07:41:34.052246+00,ldg 532 hung vuong di linh,\N,\N,LDG,\N,FTELBUDNB,KINH_DOANH,"LDG 532 Hùng Vương, Di Linh",LDG|532 hung vuong di linh,"[{""row"": 392, ""section"": ""KINH_DOANH"", ""raw_label"": ""LDG 532 Hùng Vương, Di Linh""}]",[]
868fa274-e148-549f-aee7-7df91008eb2b,"352-354 Ngô Gia Tự,Tấn Tài",352 354 ngo gia tu tan tai,,,MISSING,DS_Dia_chi_van_phong_FTEL_toan_quoc_upd_Foxeco.csv,394,be32c72f2b34aeabdcad21a26636d2473de1079ef5f5d35a9b7cc2a0e0a9525b,t,2026-07-23 07:41:34.052246+00,2026-07-23 07:41:34.052246+00,ntn 352 354 ngo gia tu tan tai,\N,\N,NTN,\N,FTELBUDNB,KINH_DOANH,"NTN 352-354 Ngô Gia Tự,Tấn Tài",NTN|352 354 ngo gia tu tan tai,"[{""row"": 394, ""section"": ""KINH_DOANH"", ""raw_label"": ""NTN 352-354 Ngô Gia Tự,Tấn Tài""}]","[""TRUNCATED_30""]"
c2c0d37c-bab7-5721-b8e2-9ad8912def71,"197 Tôn Đức Thắng,Tân Châu",197 ton duc thang tan chau,11.5504010,106.1608966,MISSING,DS_Dia_chi_van_phong_FTEL_toan_quoc_upd_Foxeco.csv,396,be32c72f2b34aeabdcad21a26636d2473de1079ef5f5d35a9b7cc2a0e0a9525b,t,2026-07-23 07:41:34.052246+00,2026-07-23 07:41:34.052246+00,tnh 197 ton duc thang tan chau,\N,\N,TNH,\N,FTELBUDNB,KINH_DOANH,"TNH 197 Tôn Đức Thắng,Tân Châu",TNH|197 ton duc thang tan chau,"[{""row"": 396, ""section"": ""KINH_DOANH"", ""raw_label"": ""TNH 197 Tôn Đức Thắng,Tân Châu""}]","[""TRUNCATED_30""]"
c4eba724-b5c9-5021-ad74-f381982c4099,"476 Đ 30/4, KP5, P3",476 d 30 4 kp5 p3,49.337177,-57.34196,MISSING,DS_Dia_chi_van_phong_FTEL_toan_quoc_upd_Foxeco.csv,397,be32c72f2b34aeabdcad21a26636d2473de1079ef5f5d35a9b7cc2a0e0a9525b,t,2026-07-23 07:41:34.052246+00,2026-07-23 07:41:34.052246+00,tnh 476 d 30 4 kp5 p3,\N,\N,TNH,\N,FTELBUDNB,KINH_DOANH,"TNH 476 Đ 30/4, KP5, P3",TNH|476 d 30 4 kp5 p3,"[{""row"": 397, ""section"": ""KINH_DOANH"", ""raw_label"": ""TNH 476 Đ 30/4, KP5, P3""}]",[]
794daa2d-4314-5e44-9bfc-929713cfe533,"Lộc An, Trảng Bàng",loc an trang bang,11.0309688,106.3547930,MISSING,DS_Dia_chi_van_phong_FTEL_toan_quoc_upd_Foxeco.csv,398,be32c72f2b34aeabdcad21a26636d2473de1079ef5f5d35a9b7cc2a0e0a9525b,t,2026-07-23 07:41:34.052246+00,2026-07-23 07:41:34.052246+00,tnh loc an trang bang,\N,\N,TNH,\N,FTELBUDNB,KINH_DOANH,"TNH Lộc An, Trảng Bàng",TNH|loc an trang bang,"[{""row"": 398, ""section"": ""KINH_DOANH"", ""raw_label"": ""TNH Lộc An, Trảng Bàng""}]",[]
9fcb233a-92a2-5593-8168-a8e2c08c3e2f,"132 Trần Hưng Đạo, LX",132 tran hung dao lx,10.4240124,105.4063603,MISSING,DS_Dia_chi_van_phong_FTEL_toan_quoc_upd_Foxeco.csv,401,be32c72f2b34aeabdcad21a26636d2473de1079ef5f5d35a9b7cc2a0e0a9525b,t,2026-07-23 07:41:34.052246+00,2026-07-23 07:41:34.052246+00,agg 132 tran hung dao lx,\N,\N,AGG,\N,FTELBUTNB,KINH_DOANH,"AGG 132 Trần Hưng Đạo, LX",AGG|132 tran hung dao lx,"[{""row"": 401, ""section"": ""KINH_DOANH"", ""raw_label"": ""AGG 132 Trần Hưng Đạo, LX""}]",[]
9f728e70-314a-52bc-8924-1353aacf9bed,"13C2 Trần Văn Lẫn, L.Xuyên",13c2 tran van lan l xuyen,,,MISSING,DS_Dia_chi_van_phong_FTEL_toan_quoc_upd_Foxeco.csv,402,be32c72f2b34aeabdcad21a26636d2473de1079ef5f5d35a9b7cc2a0e0a9525b,t,2026-07-23 07:41:34.052246+00,2026-07-23 07:41:34.052246+00,agg 13c2 tran van lan l xuyen,\N,\N,AGG,\N,FTELBUTNB,KINH_DOANH,"AGG 13C2 Trần Văn Lẫn, L.Xuyên",AGG|13c2 tran van lan l xuyen,"[{""row"": 402, ""section"": ""KINH_DOANH"", ""raw_label"": ""AGG 13C2 Trần Văn Lẫn, L.Xuyên""}]","[""TRUNCATED_30""]"
92173a18-e44d-5036-87d1-cec60b3a0582,"19 ấp Phú An 1, Bình Hòa",19 ap phu an 1 binh hoa,11.75192,106.689911,MISSING,DS_Dia_chi_van_phong_FTEL_toan_quoc_upd_Foxeco.csv,403,be32c72f2b34aeabdcad21a26636d2473de1079ef5f5d35a9b7cc2a0e0a9525b,t,2026-07-23 07:41:34.052246+00,2026-07-23 07:41:34.052246+00,agg 19 ap phu an 1 binh hoa,\N,\N,AGG,\N,FTELBUTNB,KINH_DOANH,"AGG 19 ấp Phú An 1, Bình Hòa",AGG|19 ap phu an 1 binh hoa,"[{""row"": 403, ""section"": ""KINH_DOANH"", ""raw_label"": ""AGG 19 ấp Phú An 1, Bình Hòa""}]",[]
7d9ae001-4532-5d48-8d39-5dfa832db99a,"281 QL91,Cái Dầu,Châu Phú",281 ql91 cai dau chau phu,22.48556,103.97066,MISSING,DS_Dia_chi_van_phong_FTEL_toan_quoc_upd_Foxeco.csv,404,be32c72f2b34aeabdcad21a26636d2473de1079ef5f5d35a9b7cc2a0e0a9525b,t,2026-07-23 07:41:34.052246+00,2026-07-23 07:41:34.052246+00,agg 281 ql91 cai dau chau phu,\N,\N,AGG,\N,FTELBUTNB,KINH_DOANH,"AGG 281 QL91,Cái Dầu,Châu Phú",AGG|281 ql91 cai dau chau phu,"[{""row"": 404, ""section"": ""KINH_DOANH"", ""raw_label"": ""AGG 281 QL91,Cái Dầu,Châu Phú""}]",[]
6516a7e3-186f-5700-bb2d-348eb7dee3ea,"513 Thủ Khoa Huân,Châu Đốc",513 thu khoa huan chau doc,10.7044252,105.1210266,MISSING,DS_Dia_chi_van_phong_FTEL_toan_quoc_upd_Foxeco.csv,405,be32c72f2b34aeabdcad21a26636d2473de1079ef5f5d35a9b7cc2a0e0a9525b,t,2026-07-23 07:41:34.052246+00,2026-07-23 07:41:34.052246+00,agg 513 thu khoa huan chau doc,\N,\N,AGG,\N,FTELBUTNB,KINH_DOANH,"AGG 513 Thủ Khoa Huân,Châu Đốc",AGG|513 thu khoa huan chau doc,"[{""row"": 405, ""section"": ""KINH_DOANH"", ""raw_label"": ""AGG 513 Thủ Khoa Huân,Châu Đốc""}]","[""TRUNCATED_30""]"
c52535b5-d72f-5fd7-a1d5-c2893210c3f9,"84 Tôn Đức Thắng, Tân Châu",84 ton duc thang tan chau,11.5504010,106.1608966,MISSING,DS_Dia_chi_van_phong_FTEL_toan_quoc_upd_Foxeco.csv,406,be32c72f2b34aeabdcad21a26636d2473de1079ef5f5d35a9b7cc2a0e0a9525b,t,2026-07-23 07:41:34.052246+00,2026-07-23 07:41:34.052246+00,agg 84 ton duc thang tan chau,\N,\N,AGG,\N,FTELBUTNB,KINH_DOANH,"AGG 84 Tôn Đức Thắng, Tân Châu",AGG|84 ton duc thang tan chau,"[{""row"": 406, ""section"": ""KINH_DOANH"", ""raw_label"": ""AGG 84 Tôn Đức Thắng, Tân Châu""}]","[""TRUNCATED_30""]"
e8f7e696-7296-5641-98ea-c4209bbef16e,"9C Trần Hưng Đạo, Chợ Mới",9c tran hung dao cho moi,10.5498096,105.3996652,MISSING,DS_Dia_chi_van_phong_FTEL_toan_quoc_upd_Foxeco.csv,407,be32c72f2b34aeabdcad21a26636d2473de1079ef5f5d35a9b7cc2a0e0a9525b,t,2026-07-23 07:41:34.052246+00,2026-07-23 07:41:34.052246+00,agg 9c tran hung dao cho moi,\N,\N,AGG,\N,FTELBUTNB,KINH_DOANH,"AGG 9C Trần Hưng Đạo, Chợ Mới",AGG|9c tran hung dao cho moi,"[{""row"": 407, ""section"": ""KINH_DOANH"", ""raw_label"": ""AGG 9C Trần Hưng Đạo, Chợ Mới""}]",[]
39ace44e-c57c-5920-a392-d9c80c54e1e9,"Lê Duẩn, Phú Mỹ, Phú Tân",le duan phu my phu tan,10.5818526,105.3575301,MISSING,DS_Dia_chi_van_phong_FTEL_toan_quoc_upd_Foxeco.csv,408,be32c72f2b34aeabdcad21a26636d2473de1079ef5f5d35a9b7cc2a0e0a9525b,t,2026-07-23 07:41:34.052246+00,2026-07-23 07:41:34.052246+00,agg le duan phu my phu tan,\N,\N,AGG,\N,FTELBUTNB,KINH_DOANH,"AGG Lê Duẩn, Phú Mỹ, Phú Tân",AGG|le duan phu my phu tan,"[{""row"": 408, ""section"": ""KINH_DOANH"", ""raw_label"": ""AGG Lê Duẩn, Phú Mỹ, Phú Tân""}]",[]
3ae7f18a-eb1b-5a4d-982b-0e23cbe6b7fb,"43B Trần Huỳnh,P7,Bạc Liêu",43b tran huynh p7 bac lieu,9.29414,105.72776,MISSING,DS_Dia_chi_van_phong_FTEL_toan_quoc_upd_Foxeco.csv,410,be32c72f2b34aeabdcad21a26636d2473de1079ef5f5d35a9b7cc2a0e0a9525b,t,2026-07-23 07:41:34.052246+00,2026-07-23 07:41:34.052246+00,blu 43b tran huynh p7 bac lieu,\N,\N,BLU,\N,FTELBUTNB,KINH_DOANH,"BLU 43B Trần Huỳnh,P7,Bạc Liêu",BLU|43b tran huynh p7 bac lieu,"[{""row"": 410, ""section"": ""KINH_DOANH"", ""raw_label"": ""BLU 43B Trần Huỳnh,P7,Bạc Liêu""}]","[""TRUNCATED_30""]"
e682a178-c4b1-5b42-bb6c-42f5a1c25528,"QL1A, K5,Hộ Phòng,Giá Rai",ql1a k5 ho phong gia rai,,,MISSING,DS_Dia_chi_van_phong_FTEL_toan_quoc_upd_Foxeco.csv,411,be32c72f2b34aeabdcad21a26636d2473de1079ef5f5d35a9b7cc2a0e0a9525b,t,2026-07-23 07:41:34.052246+00,2026-07-23 07:41:34.052246+00,blu ql1a k5 ho phong gia rai,\N,\N,BLU,\N,FTELBUTNB,KINH_DOANH,"BLU QL1A, K5,Hộ Phòng,Giá Rai",BLU|ql1a k5 ho phong gia rai,"[{""row"": 411, ""section"": ""KINH_DOANH"", ""raw_label"": ""BLU QL1A, K5,Hộ Phòng,Giá Rai""}]",[]
3b2c8ec5-b7c2-5b9b-a629-aa337b4b029a,"Ấp Nội Ô, xã Phước Long",ap noi o xa phuoc long,11.58333,106.63333,MISSING,DS_Dia_chi_van_phong_FTEL_toan_quoc_upd_Foxeco.csv,412,be32c72f2b34aeabdcad21a26636d2473de1079ef5f5d35a9b7cc2a0e0a9525b,t,2026-07-23 07:41:34.052246+00,2026-07-23 07:41:34.052246+00,cmu ap noi o xa phuoc long,\N,\N,CMU,\N,FTELBUTNB,KINH_DOANH,"CMU Ấp Nội Ô, xã Phước Long",CMU|ap noi o xa phuoc long,"[{""row"": 412, ""section"": ""KINH_DOANH"", ""raw_label"": ""CMU Ấp Nội Ô, xã Phước Long""}]",[]
061910d5-70cc-52f7-84cc-f7491f74ffa9,285K Phu Tan,285k phu tan,42.0151733,121.6452868,MISSING,DS_Dia_chi_van_phong_FTEL_toan_quoc_upd_Foxeco.csv,414,be32c72f2b34aeabdcad21a26636d2473de1079ef5f5d35a9b7cc2a0e0a9525b,t,2026-07-23 07:41:34.052246+00,2026-07-23 07:41:34.052246+00,bte 285k phu tan,\N,\N,BTE,\N,FTELBUTNB,KINH_DOANH,BTE 285K Phu Tan,BTE|285k phu tan,"[{""row"": 414, ""section"": ""KINH_DOANH"", ""raw_label"": ""BTE 285K Phu Tan""}]",[]
3cdba62b-a968-57e4-93db-bc17745f64d3,"ấp Thanh Hòa, Mỏ Cày Bắc",ap thanh hoa mo cay bac,10.18333,106.35,MISSING,DS_Dia_chi_van_phong_FTEL_toan_quoc_upd_Foxeco.csv,415,be32c72f2b34aeabdcad21a26636d2473de1079ef5f5d35a9b7cc2a0e0a9525b,t,2026-07-23 07:41:34.052246+00,2026-07-23 07:41:34.052246+00,bte ap thanh hoa mo cay bac,\N,\N,BTE,\N,FTELBUTNB,KINH_DOANH,"BTE ấp Thanh Hòa, Mỏ Cày Bắc",BTE|ap thanh hoa mo cay bac,"[{""row"": 415, ""section"": ""KINH_DOANH"", ""raw_label"": ""BTE ấp Thanh Hòa, Mỏ Cày Bắc""}]",[]
5d483544-464a-5448-af81-67c8063ea947,"KĐT Việt Sinh, Ba Tri",kdt viet sinh ba tri,50.428771,4.785357,MISSING,DS_Dia_chi_van_phong_FTEL_toan_quoc_upd_Foxeco.csv,416,be32c72f2b34aeabdcad21a26636d2473de1079ef5f5d35a9b7cc2a0e0a9525b,t,2026-07-23 07:41:34.052246+00,2026-07-23 07:41:34.052246+00,bte kdt viet sinh ba tri,\N,\N,BTE,\N,FTELBUTNB,KINH_DOANH,"BTE KĐT Việt Sinh, Ba Tri",BTE|kdt viet sinh ba tri,"[{""row"": 416, ""section"": ""KINH_DOANH"", ""raw_label"": ""BTE KĐT Việt Sinh, Ba Tri""}]",[]
6eca2016-565f-5c53-ba46-e7aa126a6d64,"thửa 151, BĐ73, Giồng Trôm",thua 151 bd73 giong trom,10.14461,106.77833,MISSING,DS_Dia_chi_van_phong_FTEL_toan_quoc_upd_Foxeco.csv,417,be32c72f2b34aeabdcad21a26636d2473de1079ef5f5d35a9b7cc2a0e0a9525b,t,2026-07-23 07:41:34.052246+00,2026-07-23 07:41:34.052246+00,vlg thua 151 bd73 giong trom,\N,\N,VLG,\N,FTELBUTNB,KINH_DOANH,"VLG thửa 151, BĐ73, Giồng Trôm",VLG|thua 151 bd73 giong trom,"[{""row"": 417, ""section"": ""KINH_DOANH"", ""raw_label"": ""VLG thửa 151, BĐ73, Giồng Trôm""}]","[""TRUNCATED_30""]"
8ba2dec7-ec69-53a7-a4de-e93ccb9f1700,"288 QL 1A, K2, Cái Nước",288 ql 1a k2 cai nuoc,8.94231,105.01411,MISSING,DS_Dia_chi_van_phong_FTEL_toan_quoc_upd_Foxeco.csv,419,be32c72f2b34aeabdcad21a26636d2473de1079ef5f5d35a9b7cc2a0e0a9525b,t,2026-07-23 07:41:34.052246+00,2026-07-23 07:41:34.052246+00,cmu 288 ql 1a k2 cai nuoc,\N,\N,CMU,\N,FTELBUTNB,KINH_DOANH,"CMU 288 QL 1A, K2, Cái Nước",CMU|288 ql 1a k2 cai nuoc,"[{""row"": 419, ""section"": ""KINH_DOANH"", ""raw_label"": ""CMU 288 QL 1A, K2, Cái Nước""}]",[]
3a3bf826-7258-56bd-b8aa-212bbcda399b,"55 Trần Hưng Đạo, K4, P5",55 tran hung dao k4 p5,,,MISSING,DS_Dia_chi_van_phong_FTEL_toan_quoc_upd_Foxeco.csv,420,be32c72f2b34aeabdcad21a26636d2473de1079ef5f5d35a9b7cc2a0e0a9525b,t,2026-07-23 07:41:34.052246+00,2026-07-23 07:41:34.052246+00,cmu 55 tran hung dao k4 p5,\N,\N,CMU,\N,FTELBUTNB,KINH_DOANH,"CMU 55 Trần Hưng Đạo, K4, P5",CMU|55 tran hung dao k4 p5,"[{""row"": 420, ""section"": ""KINH_DOANH"", ""raw_label"": ""CMU 55 Trần Hưng Đạo, K4, P5""}]",[]
d5b5f6d7-34f5-5552-9dd4-2878b5225e53,"10 Phan Văn Trị, An Phú",10 phan van tri an phu,10.794854,105.24,MISSING,DS_Dia_chi_van_phong_FTEL_toan_quoc_upd_Foxeco.csv,422,be32c72f2b34aeabdcad21a26636d2473de1079ef5f5d35a9b7cc2a0e0a9525b,t,2026-07-23 07:41:34.052246+00,2026-07-23 07:41:34.052246+00,cto 10 phan van tri an phu,\N,\N,CTO,\N,FTELBUTNB,KINH_DOANH,"CTO 10 Phan Văn Trị, An Phú",CTO|10 phan van tri an phu,"[{""row"": 422, ""section"": ""KINH_DOANH"", ""raw_label"": ""CTO 10 Phan Văn Trị, An Phú""}, {""row"": 10, ""section"": ""FTI_FPL"", ""raw_label"": ""CTO 10 Phan Văn Trị, An Phú""}]",[]
6e87c093-4c28-5b95-a09f-6a5fa9215c27,"118 Mậu Thân, Ninh Kiều",118 mau than ninh kieu,10.0341050,105.7735738,MISSING,DS_Dia_chi_van_phong_FTEL_toan_quoc_upd_Foxeco.csv,423,be32c72f2b34aeabdcad21a26636d2473de1079ef5f5d35a9b7cc2a0e0a9525b,t,2026-07-23 07:41:34.052246+00,2026-07-23 07:41:34.052246+00,cto 118 mau than ninh kieu,\N,\N,CTO,\N,FTELBUTNB,KINH_DOANH,"CTO 118 Mậu Thân, Ninh Kiều",CTO|118 mau than ninh kieu,"[{""row"": 423, ""section"": ""KINH_DOANH"", ""raw_label"": ""CTO 118 Mậu Thân, Ninh Kiều""}]",[]
b6e18d7a-c9c5-5367-9b15-2b4566df7775,"43 CMT8, Ô Môn",43 cmt8 o mon,51.579813,-2.993776,MISSING,DS_Dia_chi_van_phong_FTEL_toan_quoc_upd_Foxeco.csv,424,be32c72f2b34aeabdcad21a26636d2473de1079ef5f5d35a9b7cc2a0e0a9525b,t,2026-07-23 07:41:34.052246+00,2026-07-23 07:41:34.052246+00,cto 43 cmt8 o mon,\N,\N,CTO,\N,FTELBUTNB,KINH_DOANH,"CTO 43 CMT8, Ô Môn",CTO|43 cmt8 o mon,"[{""row"": 424, ""section"": ""KINH_DOANH"", ""raw_label"": ""CTO 43 CMT8, Ô Môn""}]",[]
e9511776-062b-5643-8686-937863e9d54c,"Hà Huy Giáp, Cờ Đỏ",ha huy giap co do,10.0887267,105.4342659,MISSING,DS_Dia_chi_van_phong_FTEL_toan_quoc_upd_Foxeco.csv,425,be32c72f2b34aeabdcad21a26636d2473de1079ef5f5d35a9b7cc2a0e0a9525b,t,2026-07-23 07:41:34.052246+00,2026-07-23 07:41:34.052246+00,cto ha huy giap co do,\N,\N,CTO,\N,FTELBUTNB,KINH_DOANH,"CTO Hà Huy Giáp, Cờ Đỏ",CTO|ha huy giap co do,"[{""row"": 425, ""section"": ""KINH_DOANH"", ""raw_label"": ""CTO Hà Huy Giáp, Cờ Đỏ""}]",[]
e4bfa8f2-0fbd-55af-a969-e596bc5795ba,"KV Phụng Thạnh 1, Thốt Nốt",kv phung thanh 1 thot not,,,MISSING,DS_Dia_chi_van_phong_FTEL_toan_quoc_upd_Foxeco.csv,426,be32c72f2b34aeabdcad21a26636d2473de1079ef5f5d35a9b7cc2a0e0a9525b,t,2026-07-23 07:41:34.052246+00,2026-07-23 07:41:34.052246+00,cto kv phung thanh 1 thot not,\N,\N,CTO,\N,FTELBUTNB,KINH_DOANH,"CTO KV Phụng Thạnh 1, Thốt Nốt",CTO|kv phung thanh 1 thot not,"[{""row"": 426, ""section"": ""KINH_DOANH"", ""raw_label"": ""CTO KV Phụng Thạnh 1, Thốt Nốt""}]","[""TRUNCATED_30""]"
74366033-4e5f-5c6a-bde2-5592f87b379c,"225 Nguyễn Sinh Sắc,Sa Đéc",225 nguyen sinh sac sa dec,10.2847159,105.7437412,MISSING,DS_Dia_chi_van_phong_FTEL_toan_quoc_upd_Foxeco.csv,428,be32c72f2b34aeabdcad21a26636d2473de1079ef5f5d35a9b7cc2a0e0a9525b,t,2026-07-23 07:41:34.052246+00,2026-07-23 07:41:34.052246+00,dtp 225 nguyen sinh sac sa dec,\N,\N,DTP,\N,FTELBUTNB,KINH_DOANH,"DTP 225 Nguyễn Sinh Sắc,Sa Đéc",DTP|225 nguyen sinh sac sa dec,"[{""row"": 428, ""section"": ""KINH_DOANH"", ""raw_label"": ""DTP 225 Nguyễn Sinh Sắc,Sa Đéc""}]","[""TRUNCATED_30""]"
0e1cd966-5c5c-5e12-a535-7878d1603ea2,"4 Lý Thường Kiệt, Cao Lãnh",4 ly thuong kiet cao lanh,10.4578441,105.6362633,MISSING,DS_Dia_chi_van_phong_FTEL_toan_quoc_upd_Foxeco.csv,429,be32c72f2b34aeabdcad21a26636d2473de1079ef5f5d35a9b7cc2a0e0a9525b,t,2026-07-23 07:41:34.052246+00,2026-07-23 07:41:34.052246+00,dtp 4 ly thuong kiet cao lanh,\N,\N,DTP,\N,FTELBUTNB,KINH_DOANH,"DTP 4 Lý Thường Kiệt, Cao Lãnh",DTP|4 ly thuong kiet cao lanh,"[{""row"": 429, ""section"": ""KINH_DOANH"", ""raw_label"": ""DTP 4 Lý Thường Kiệt, Cao Lãnh""}]","[""TRUNCATED_30""]"
a76c4b99-0e1e-5665-a32a-a500277c1d49,"50 Nguyễn Huệ, Hồng Ngự",50 nguyen hue hong ngu,10.8129225,105.3493209,MISSING,DS_Dia_chi_van_phong_FTEL_toan_quoc_upd_Foxeco.csv,430,be32c72f2b34aeabdcad21a26636d2473de1079ef5f5d35a9b7cc2a0e0a9525b,t,2026-07-23 07:41:34.052246+00,2026-07-23 07:41:34.052246+00,dtp 50 nguyen hue hong ngu,\N,\N,DTP,\N,FTELBUTNB,KINH_DOANH,"DTP 50 Nguyễn Huệ, Hồng Ngự",DTP|50 nguyen hue hong ngu,"[{""row"": 430, ""section"": ""KINH_DOANH"", ""raw_label"": ""DTP 50 Nguyễn Huệ, Hồng Ngự""}]",[]
55c0be4b-5560-5dbe-967c-9976de2f40ab,"Ấp 1, Mỹ Hiệp",ap 1 my hiep,10.9755012,106.7570381,MISSING,DS_Dia_chi_van_phong_FTEL_toan_quoc_upd_Foxeco.csv,431,be32c72f2b34aeabdcad21a26636d2473de1079ef5f5d35a9b7cc2a0e0a9525b,t,2026-07-23 07:41:34.052246+00,2026-07-23 07:41:34.052246+00,dtp ap 1 my hiep,\N,\N,DTP,\N,FTELBUTNB,KINH_DOANH,"DTP Ấp 1, Mỹ Hiệp",DTP|ap 1 my hiep,"[{""row"": 431, ""section"": ""KINH_DOANH"", ""raw_label"": ""DTP Ấp 1, Mỹ Hiệp""}]",[]
11528d2f-3f9b-5054-83bb-7c438c4e7c67,"Lấp Vò, Tiền Giang",lap vo tien giang,18.33814,105.90892,MISSING,DS_Dia_chi_van_phong_FTEL_toan_quoc_upd_Foxeco.csv,432,be32c72f2b34aeabdcad21a26636d2473de1079ef5f5d35a9b7cc2a0e0a9525b,t,2026-07-23 07:41:34.052246+00,2026-07-23 07:41:34.052246+00,dtp lap vo tien giang,\N,\N,DTP,\N,FTELBUTNB,KINH_DOANH,"DTP Lấp Vò, Tiền Giang",DTP|lap vo tien giang,"[{""row"": 432, ""section"": ""KINH_DOANH"", ""raw_label"": ""DTP Lấp Vò, Tiền Giang""}]",[]
59ddc35c-9d35-5345-85e4-bb326c3b0bce,"QL61, Ấp Cầu Xáng,Tân Bình",ql61 ap cau xang tan binh,,,MISSING,DS_Dia_chi_van_phong_FTEL_toan_quoc_upd_Foxeco.csv,434,be32c72f2b34aeabdcad21a26636d2473de1079ef5f5d35a9b7cc2a0e0a9525b,t,2026-07-23 07:41:34.052246+00,2026-07-23 07:41:34.052246+00,cto ql61 ap cau xang tan binh,\N,\N,CTO,\N,FTELBUTNB,KINH_DOANH,"CTO QL61, Ấp Cầu Xáng,Tân Bình",CTO|ql61 ap cau xang tan binh,"[{""row"": 434, ""section"": ""KINH_DOANH"", ""raw_label"": ""CTO QL61, Ấp Cầu Xáng,Tân Bình""}]","[""TRUNCATED_30""]"
2a746625-9672-5637-86db-617097d39263,"133 Nguyễn Trãi, Vị Thanh",133 nguyen trai vi thanh,9.7826606,105.4610977,MISSING,DS_Dia_chi_van_phong_FTEL_toan_quoc_upd_Foxeco.csv,435,be32c72f2b34aeabdcad21a26636d2473de1079ef5f5d35a9b7cc2a0e0a9525b,t,2026-07-23 07:41:34.052246+00,2026-07-23 07:41:34.052246+00,hgg 133 nguyen trai vi thanh,\N,\N,HGG,\N,FTELBUTNB,KINH_DOANH,"HGG 133 Nguyễn Trãi, Vị Thanh",HGG|133 nguyen trai vi thanh,"[{""row"": 435, ""section"": ""KINH_DOANH"", ""raw_label"": ""HGG 133 Nguyễn Trãi, Vị Thanh""}]",[]
dcb0e463-96c7-5f0d-87c8-5ecfdd4ac9e7,"193H T.H.Đạo, P5, Vị Thanh",193h t h dao p5 vi thanh,,,MISSING,DS_Dia_chi_van_phong_FTEL_toan_quoc_upd_Foxeco.csv,436,be32c72f2b34aeabdcad21a26636d2473de1079ef5f5d35a9b7cc2a0e0a9525b,t,2026-07-23 07:41:34.052246+00,2026-07-23 07:41:34.052246+00,hgg 193h t h dao p5 vi thanh,\N,\N,HGG,\N,FTELBUTNB,KINH_DOANH,"HGG 193H T.H.Đạo, P5, Vị Thanh",HGG|193h t h dao p5 vi thanh,"[{""row"": 436, ""section"": ""KINH_DOANH"", ""raw_label"": ""HGG 193H T.H.Đạo, P5, Vị Thanh""}]","[""TRUNCATED_30""]"
8feebc74-7991-5b9a-a959-d2b189bb7bcd,"9 NT Minh Khai, Ngã Bảy",9 nt minh khai nga bay,9.813905,105.819606,MISSING,DS_Dia_chi_van_phong_FTEL_toan_quoc_upd_Foxeco.csv,437,be32c72f2b34aeabdcad21a26636d2473de1079ef5f5d35a9b7cc2a0e0a9525b,t,2026-07-23 07:41:34.052246+00,2026-07-23 07:41:34.052246+00,hgg 9 nt minh khai nga bay,\N,\N,HGG,\N,FTELBUTNB,KINH_DOANH,"HGG 9 NT Minh Khai, Ngã Bảy",HGG|9 nt minh khai nga bay,"[{""row"": 437, ""section"": ""KINH_DOANH"", ""raw_label"": ""HGG 9 NT Minh Khai, Ngã Bảy""}]",[]
61fddf92-2ad8-5c2d-aad8-9ce8d010ca04,"Cái Tắc, Hậu Giang",cai tac hau giang,10.41153,106.105614,MISSING,DS_Dia_chi_van_phong_FTEL_toan_quoc_upd_Foxeco.csv,438,be32c72f2b34aeabdcad21a26636d2473de1079ef5f5d35a9b7cc2a0e0a9525b,t,2026-07-23 07:41:34.052246+00,2026-07-23 07:41:34.052246+00,hgg cai tac hau giang,\N,\N,HGG,\N,FTELBUTNB,KINH_DOANH,"HGG Cái Tắc, Hậu Giang",HGG|cai tac hau giang,"[{""row"": 438, ""section"": ""KINH_DOANH"", ""raw_label"": ""HGG Cái Tắc, Hậu Giang""}]",[]
52546043-626a-5bc5-b4c5-5186b8b365c4,"Kh.phố 6, Đặc khu Phú Quốc",kh pho 6 dac khu phu quoc,10.223141,103.962518,MISSING,DS_Dia_chi_van_phong_FTEL_toan_quoc_upd_Foxeco.csv,440,be32c72f2b34aeabdcad21a26636d2473de1079ef5f5d35a9b7cc2a0e0a9525b,t,2026-07-23 07:41:34.052246+00,2026-07-23 07:41:34.052246+00,agg kh pho 6 dac khu phu quoc,\N,\N,AGG,\N,FTELBUTNB,KINH_DOANH,"AGG Kh.phố 6, Đặc khu Phú Quốc",AGG|kh pho 6 dac khu phu quoc,"[{""row"": 440, ""section"": ""KINH_DOANH"", ""raw_label"": ""AGG Kh.phố 6, Đặc khu Phú Quốc""}]","[""TRUNCATED_30""]"
c541f0d4-5809-5275-920e-f4cde0b1579a,"14 Đông An, Tân Hiệp",14 dong an tan hiep,10.9152051,106.7823925,MISSING,DS_Dia_chi_van_phong_FTEL_toan_quoc_upd_Foxeco.csv,441,be32c72f2b34aeabdcad21a26636d2473de1079ef5f5d35a9b7cc2a0e0a9525b,t,2026-07-23 07:41:34.052246+00,2026-07-23 07:41:34.052246+00,kgg 14 dong an tan hiep,\N,\N,KGG,\N,FTELBUTNB,KINH_DOANH,"KGG 14 Đông An, Tân Hiệp",KGG|14 dong an tan hiep,"[{""row"": 441, ""section"": ""KINH_DOANH"", ""raw_label"": ""KGG 14 Đông An, Tân Hiệp""}]",[]
fb900985-cb44-54fb-a957-3f32dc11dc85,259 Nguyễn Bỉnh Khiêm,259 nguyen binh khiem,20.6404810,106.5682834,MISSING,DS_Dia_chi_van_phong_FTEL_toan_quoc_upd_Foxeco.csv,442,be32c72f2b34aeabdcad21a26636d2473de1079ef5f5d35a9b7cc2a0e0a9525b,t,2026-07-23 07:41:34.052246+00,2026-07-23 07:41:34.052246+00,kgg 259 nguyen binh khiem,\N,\N,KGG,\N,FTELBUTNB,KINH_DOANH,KGG 259 Nguyễn Bỉnh Khiêm,KGG|259 nguyen binh khiem,"[{""row"": 442, ""section"": ""KINH_DOANH"", ""raw_label"": ""KGG 259 Nguyễn Bỉnh Khiêm""}]",[]
bec1b94c-4bf2-5ae5-bf59-93c91e5bc9c3,"347 quốc lộ 80,Kiên Lương",347 quoc lo 80 kien luong,10.2869825,104.6455013,MISSING,DS_Dia_chi_van_phong_FTEL_toan_quoc_upd_Foxeco.csv,443,be32c72f2b34aeabdcad21a26636d2473de1079ef5f5d35a9b7cc2a0e0a9525b,t,2026-07-23 07:41:34.052246+00,2026-07-23 07:41:34.052246+00,kgg 347 quoc lo 80 kien luong,\N,\N,KGG,\N,FTELBUTNB,KINH_DOANH,"KGG 347 quốc lộ 80,Kiên Lương",KGG|347 quoc lo 80 kien luong,"[{""row"": 443, ""section"": ""KINH_DOANH"", ""raw_label"": ""KGG 347 quốc lộ 80,Kiên Lương""}]",[]
7761995e-0938-5eb9-b6a3-e49fc9aea109,"831, QL 61, Minh Lương",831 ql 61 minh luong,9.9041857,105.1593878,MISSING,DS_Dia_chi_van_phong_FTEL_toan_quoc_upd_Foxeco.csv,444,be32c72f2b34aeabdcad21a26636d2473de1079ef5f5d35a9b7cc2a0e0a9525b,t,2026-07-23 07:41:34.052246+00,2026-07-23 07:41:34.052246+00,kgg 831 ql 61 minh luong,\N,\N,KGG,\N,FTELBUTNB,KINH_DOANH,"KGG 831, QL 61, Minh Lương",KGG|831 ql 61 minh luong,"[{""row"": 444, ""section"": ""KINH_DOANH"", ""raw_label"": ""KGG 831, QL 61, Minh Lương""}]",[]
41df84d7-7b37-55d7-9624-8cbf2ed7392c,"QL80, Hòn Đất",ql80 hon dat,10.1868421,104.9250314,MISSING,DS_Dia_chi_van_phong_FTEL_toan_quoc_upd_Foxeco.csv,445,be32c72f2b34aeabdcad21a26636d2473de1079ef5f5d35a9b7cc2a0e0a9525b,t,2026-07-23 07:41:34.052246+00,2026-07-23 07:41:34.052246+00,kgg ql80 hon dat,\N,\N,KGG,\N,FTELBUTNB,KINH_DOANH,"KGG QL80, Hòn Đất",KGG|ql80 hon dat,"[{""row"": 445, ""section"": ""KINH_DOANH"", ""raw_label"": ""KGG QL80, Hòn Đất""}]",[]
d6b2a426-ba23-51e7-9574-b33b276e59f7,"Tổ 4, Khu phố 2, An Biên",to 4 khu pho 2 an bien,10.851512,106.754402,MISSING,DS_Dia_chi_van_phong_FTEL_toan_quoc_upd_Foxeco.csv,446,be32c72f2b34aeabdcad21a26636d2473de1079ef5f5d35a9b7cc2a0e0a9525b,t,2026-07-23 07:41:34.052246+00,2026-07-23 07:41:34.052246+00,kgg to 4 khu pho 2 an bien,\N,\N,KGG,\N,FTELBUTNB,KINH_DOANH,"KGG Tổ 4, Khu phố 2, An Biên",KGG|to 4 khu pho 2 an bien,"[{""row"": 446, ""section"": ""KINH_DOANH"", ""raw_label"": ""KGG Tổ 4, Khu phố 2, An Biên""}]",[]
1f6862f1-93f7-5485-ad1c-a7431f0a4109,"Ấp An Thành, Kế Sách",ap an thanh ke sach,9.80694,106.01333,MISSING,DS_Dia_chi_van_phong_FTEL_toan_quoc_upd_Foxeco.csv,448,be32c72f2b34aeabdcad21a26636d2473de1079ef5f5d35a9b7cc2a0e0a9525b,t,2026-07-23 07:41:34.052246+00,2026-07-23 07:41:34.052246+00,cto ap an thanh ke sach,\N,\N,CTO,\N,FTELBUTNB,KINH_DOANH,"CTO Ấp An Thành, Kế Sách",CTO|ap an thanh ke sach,"[{""row"": 448, ""section"": ""KINH_DOANH"", ""raw_label"": ""CTO Ấp An Thành, Kế Sách""}]",[]
297eabf4-bb34-59fe-869b-cb9a9e66e6c5,"Ấp Khu 1, Nhu Gia",ap khu 1 nhu gia,29.195333,73.865769,MISSING,DS_Dia_chi_van_phong_FTEL_toan_quoc_upd_Foxeco.csv,449,be32c72f2b34aeabdcad21a26636d2473de1079ef5f5d35a9b7cc2a0e0a9525b,t,2026-07-23 07:41:34.052246+00,2026-07-23 07:41:34.052246+00,cto ap khu 1 nhu gia,\N,\N,CTO,\N,FTELBUTNB,KINH_DOANH,"CTO Ấp Khu 1, Nhu Gia",CTO|ap khu 1 nhu gia,"[{""row"": 449, ""section"": ""KINH_DOANH"", ""raw_label"": ""CTO Ấp Khu 1, Nhu Gia""}]",[]
5a84dafd-f479-5529-acf3-e30f9811e44d,"05 Võ Thị Sáu, Tp STG",05 vo thi sau tp stg,10.81445,105.238782,MISSING,DS_Dia_chi_van_phong_FTEL_toan_quoc_upd_Foxeco.csv,450,be32c72f2b34aeabdcad21a26636d2473de1079ef5f5d35a9b7cc2a0e0a9525b,t,2026-07-23 07:41:34.052246+00,2026-07-23 07:41:34.052246+00,stg 05 vo thi sau tp stg,\N,\N,STG,\N,FTELBUTNB,KINH_DOANH,"STG 05 Võ Thị Sáu, Tp STG",STG|05 vo thi sau tp stg,"[{""row"": 450, ""section"": ""KINH_DOANH"", ""raw_label"": ""STG 05 Võ Thị Sáu, Tp STG""}]",[]
73c642c6-cb0e-56a2-8c67-aa47725b8594,"319 Nguyễn Huệ, Vĩnh Châu",319 nguyen hue vinh chau,9.3229209,105.9746523,MISSING,DS_Dia_chi_van_phong_FTEL_toan_quoc_upd_Foxeco.csv,451,be32c72f2b34aeabdcad21a26636d2473de1079ef5f5d35a9b7cc2a0e0a9525b,t,2026-07-23 07:41:34.052246+00,2026-07-23 07:41:34.052246+00,stg 319 nguyen hue vinh chau,\N,\N,STG,\N,FTELBUTNB,KINH_DOANH,"STG 319 Nguyễn Huệ, Vĩnh Châu",STG|319 nguyen hue vinh chau,"[{""row"": 451, ""section"": ""KINH_DOANH"", ""raw_label"": ""STG 319 Nguyễn Huệ, Vĩnh Châu""}]",[]
13ec9b98-18f4-57c3-9b69-e1f536e4f160,"33 Trần Hưng Đạo, Tp STG",33 tran hung dao tp stg,10.459894,105.641066,MISSING,DS_Dia_chi_van_phong_FTEL_toan_quoc_upd_Foxeco.csv,452,be32c72f2b34aeabdcad21a26636d2473de1079ef5f5d35a9b7cc2a0e0a9525b,t,2026-07-23 07:41:34.052246+00,2026-07-23 07:41:34.052246+00,stg 33 tran hung dao tp stg,\N,\N,STG,\N,FTELBUTNB,KINH_DOANH,"STG 33 Trần Hưng Đạo, Tp STG",STG|33 tran hung dao tp stg,"[{""row"": 452, ""section"": ""KINH_DOANH"", ""raw_label"": ""STG 33 Trần Hưng Đạo, Tp STG""}]",[]
800b8bad-d146-595a-b788-483c893ec844,"405 Tổ 6, Khu 3, Cái Bè",405 to 6 khu 3 cai be,10.711435,106.707772,MISSING,DS_Dia_chi_van_phong_FTEL_toan_quoc_upd_Foxeco.csv,454,be32c72f2b34aeabdcad21a26636d2473de1079ef5f5d35a9b7cc2a0e0a9525b,t,2026-07-23 07:41:34.052246+00,2026-07-23 07:41:34.052246+00,tgg 405 to 6 khu 3 cai be,\N,\N,TGG,\N,FTELBUTNB,KINH_DOANH,"TGG 405 Tổ 6, Khu 3, Cái Bè",TGG|405 to 6 khu 3 cai be,"[{""row"": 454, ""section"": ""KINH_DOANH"", ""raw_label"": ""TGG 405 Tổ 6, Khu 3, Cái Bè""}]",[]
ee774e91-a421-59f5-8b76-b51bb6030ea0,"79 Lý Thường Kiệt, Mỹ Tho",79 ly thuong kiet my tho,9.5601522,105.9886289,MISSING,DS_Dia_chi_van_phong_FTEL_toan_quoc_upd_Foxeco.csv,455,be32c72f2b34aeabdcad21a26636d2473de1079ef5f5d35a9b7cc2a0e0a9525b,t,2026-07-23 07:41:34.052246+00,2026-07-23 07:41:34.052246+00,tgg 79 ly thuong kiet my tho,\N,\N,TGG,\N,FTELBUTNB,KINH_DOANH,"TGG 79 Lý Thường Kiệt, Mỹ Tho",TGG|79 ly thuong kiet my tho,"[{""row"": 455, ""section"": ""KINH_DOANH"", ""raw_label"": ""TGG 79 Lý Thường Kiệt, Mỹ Tho""}]",[]
7d36fed2-03e0-5643-b36b-784fc9f7ae97,"91 Võ Thanh Tâm,P4,Cai Lậy",91 vo thanh tam p4 cai lay,10.4,106.11667,MISSING,DS_Dia_chi_van_phong_FTEL_toan_quoc_upd_Foxeco.csv,456,be32c72f2b34aeabdcad21a26636d2473de1079ef5f5d35a9b7cc2a0e0a9525b,t,2026-07-23 07:41:34.052246+00,2026-07-23 07:41:34.052246+00,tgg 91 vo thanh tam p4 cai lay,\N,\N,TGG,\N,FTELBUTNB,KINH_DOANH,"TGG 91 Võ Thanh Tâm,P4,Cai Lậy",TGG|91 vo thanh tam p4 cai lay,"[{""row"": 456, ""section"": ""KINH_DOANH"", ""raw_label"": ""TGG 91 Võ Thanh Tâm,P4,Cai Lậy""}]","[""TRUNCATED_30""]"
da24864a-2cfc-5a4d-8447-61d441d3c596,"9A Nguyễn Trãi,P2,Gò Công",9a nguyen trai p2 go cong,10.361448,106.363983,MISSING,DS_Dia_chi_van_phong_FTEL_toan_quoc_upd_Foxeco.csv,457,be32c72f2b34aeabdcad21a26636d2473de1079ef5f5d35a9b7cc2a0e0a9525b,t,2026-07-23 07:41:34.052246+00,2026-07-23 07:41:34.052246+00,tgg 9a nguyen trai p2 go cong,\N,\N,TGG,\N,FTELBUTNB,KINH_DOANH,"TGG 9A Nguyễn Trãi,P2,Gò Công",TGG|9a nguyen trai p2 go cong,"[{""row"": 457, ""section"": ""KINH_DOANH"", ""raw_label"": ""TGG 9A Nguyễn Trãi,P2,Gò Công""}]",[]
7705b234-24d1-5ba6-8af5-3ae93978d33c,45 Nguyễn Đáng,45 nguyen dang,21.1795350,106.0708483,MISSING,DS_Dia_chi_van_phong_FTEL_toan_quoc_upd_Foxeco.csv,459,be32c72f2b34aeabdcad21a26636d2473de1079ef5f5d35a9b7cc2a0e0a9525b,t,2026-07-23 07:41:34.052246+00,2026-07-23 07:41:34.052246+00,tvh 45 nguyen dang,\N,\N,TVH,\N,FTELBUTNB,KINH_DOANH,TVH 45 Nguyễn Đáng,TVH|45 nguyen dang,"[{""row"": 459, ""section"": ""KINH_DOANH"", ""raw_label"": ""TVH 45 Nguyễn Đáng""}]",[]
a2804106-489c-5f56-8f4b-891daa5a00e3,"Khóm 2, Thị trấn Càng Long",khom 2 thi tran cang long,50.03906,1.979523,MISSING,DS_Dia_chi_van_phong_FTEL_toan_quoc_upd_Foxeco.csv,460,be32c72f2b34aeabdcad21a26636d2473de1079ef5f5d35a9b7cc2a0e0a9525b,t,2026-07-23 07:41:34.052246+00,2026-07-23 07:41:34.052246+00,tvh khom 2 thi tran cang long,\N,\N,TVH,\N,FTELBUTNB,KINH_DOANH,"TVH Khóm 2, Thị trấn Càng Long",TVH|khom 2 thi tran cang long,"[{""row"": 460, ""section"": ""KINH_DOANH"", ""raw_label"": ""TVH Khóm 2, Thị trấn Càng Long""}]","[""TRUNCATED_30""]"
d007b745-1af2-570c-aba1-c349a0b43f6b,"Số 02 đường 3/2, Cầu Ngang",so 02 duong 3 2 cau ngang,,,MISSING,DS_Dia_chi_van_phong_FTEL_toan_quoc_upd_Foxeco.csv,461,be32c72f2b34aeabdcad21a26636d2473de1079ef5f5d35a9b7cc2a0e0a9525b,t,2026-07-23 07:41:34.052246+00,2026-07-23 07:41:34.052246+00,tvh so 02 duong 3 2 cau ngang,\N,\N,TVH,\N,FTELBUTNB,KINH_DOANH,"TVH Số 02 đường 3/2, Cầu Ngang",TVH|so 02 duong 3 2 cau ngang,"[{""row"": 461, ""section"": ""KINH_DOANH"", ""raw_label"": ""TVH Số 02 đường 3/2, Cầu Ngang""}]","[""TRUNCATED_30""]"
2729e2d9-dfe0-57eb-bc7a-9fe5d8d98510,"18B, Khóm 2, TT Vũng Liêm",18b khom 2 tt vung liem,52.686325,4.83303,MISSING,DS_Dia_chi_van_phong_FTEL_toan_quoc_upd_Foxeco.csv,463,be32c72f2b34aeabdcad21a26636d2473de1079ef5f5d35a9b7cc2a0e0a9525b,t,2026-07-23 07:41:34.052246+00,2026-07-23 07:41:34.052246+00,vlg 18b khom 2 tt vung liem,\N,\N,VLG,\N,FTELBUTNB,KINH_DOANH,"VLG 18B, Khóm 2, TT Vũng Liêm",VLG|18b khom 2 tt vung liem,"[{""row"": 463, ""section"": ""KINH_DOANH"", ""raw_label"": ""VLG 18B, Khóm 2, TT Vũng Liêm""}]",[]
b9cab9fe-eb9c-5193-8080-05a351c9115b,"68/11A Phạm Thái Bường, P4",68 11a pham thai buong p4,10.240698,105.980807,MISSING,DS_Dia_chi_van_phong_FTEL_toan_quoc_upd_Foxeco.csv,464,be32c72f2b34aeabdcad21a26636d2473de1079ef5f5d35a9b7cc2a0e0a9525b,t,2026-07-23 07:41:34.052246+00,2026-07-23 07:41:34.052246+00,vlg 68 11a pham thai buong p4,\N,\N,VLG,\N,FTELBUTNB,KINH_DOANH,"VLG 68/11A Phạm Thái Bường, P4",VLG|68 11a pham thai buong p4,"[{""row"": 464, ""section"": ""KINH_DOANH"", ""raw_label"": ""VLG 68/11A Phạm Thái Bường, P4""}]","[""TRUNCATED_30""]"
93721320-a3f5-5731-8cc9-685be5abbdf5,"Ấp 1, Xã Tam Bình",ap 1 xa tam binh,10.689556,106.653959,MISSING,DS_Dia_chi_van_phong_FTEL_toan_quoc_upd_Foxeco.csv,465,be32c72f2b34aeabdcad21a26636d2473de1079ef5f5d35a9b7cc2a0e0a9525b,t,2026-07-23 07:41:34.052246+00,2026-07-23 07:41:34.052246+00,vlg ap 1 xa tam binh,\N,\N,VLG,\N,FTELBUTNB,KINH_DOANH,"VLG Ấp 1, Xã Tam Bình",VLG|ap 1 xa tam binh,"[{""row"": 465, ""section"": ""KINH_DOANH"", ""raw_label"": ""VLG Ấp 1, Xã Tam Bình""}]",[]
62d9f9f7-219c-5a8f-97b1-6f87d247c608,"Tổ35/2,Lê Văn Dị,Bình Minh",to35 2 le van di binh minh,10.06821,105.82221,MISSING,DS_Dia_chi_van_phong_FTEL_toan_quoc_upd_Foxeco.csv,466,be32c72f2b34aeabdcad21a26636d2473de1079ef5f5d35a9b7cc2a0e0a9525b,t,2026-07-23 07:41:34.052246+00,2026-07-23 07:41:34.052246+00,vlg to35 2 le van di binh minh,\N,\N,VLG,\N,FTELBUTNB,KINH_DOANH,"VLG Tổ35/2,Lê Văn Dị,Bình Minh",VLG|to35 2 le van di binh minh,"[{""row"": 466, ""section"": ""KINH_DOANH"", ""raw_label"": ""VLG Tổ35/2,Lê Văn Dị,Bình Minh""}]","[""TRUNCATED_30""]"
